year,species,low_recruitment,median_recruitment,high_recruitment,low_SSB,median_SSB,high_SSB,median_refbio,landings,low_HR,median_HR,high_HR,assessment_year,low_refbio,high_refbio,median_F,low_lecruitment,low_F,high_F
1979,2,26268,43603,72377,64081,73060,83297,98632,59332,0.52,0.587,0.661,2025,NA,NA,NA,NA,NA,NA
1980,2,10055,16812,28108,77852,89689,103325,129897,53863,0.386,0.439,0.498,2025,NA,NA,NA,NA,NA,NA
1981,2,32447,52031,83436,92957,105488,119707,166886,67126,0.366,0.409,0.457,2025,NA,NA,NA,NA,NA,NA
1982,2,23688,37630,59777,84760,95237,107008,154458,69385,0.419,0.462,0.508,2025,NA,NA,NA,NA,NA,NA
1983,2,15840,24315,37324,69519,77514,86429,121788,65869,0.493,0.537,0.585,2025,NA,NA,NA,NA,NA,NA
1984,2,35976,50832,71823,52610,58393,64812,91940,48236,0.495,0.537,0.583,2025,NA,NA,NA,NA,NA,NA
1985,2,70850,91457,118057,42231,46738,51726,91773,50953,0.485,0.529,0.576,2025,NA,NA,NA,NA,NA,NA
1986,2,185813,236580,301217,34997,38816,43051,78032,48881,0.538,0.592,0.651,2025,NA,NA,NA,NA,NA,NA
1987,2,31395,41721,55443,30733,34253,38176,66537,41033,0.497,0.571,0.655,2025,NA,NA,NA,NA,NA,NA
1988,2,22487,30206,40574,46779,52218,58290,91246,54148,0.525,0.592,0.668,2025,NA,NA,NA,NA,NA,NA
1989,2,23677,31417,41686,65520,73510,82474,118754,62804,0.51,0.569,0.635,2025,NA,NA,NA,NA,NA,NA
1990,2,105059,136130,176390,69550,77610,86604,114196,67095,0.543,0.595,0.652,2025,NA,NA,NA,NA,NA,NA
1991,2,137640,175884,224754,55532,61666,68477,101948,54709,0.5,0.544,0.592,2025,NA,NA,NA,NA,NA,NA
1992,2,26097,34933,46761,43655,48146,53099,71419,47185,0.603,0.664,0.732,2025,NA,NA,NA,NA,NA,NA
1993,2,42334,55683,73241,50796,56521,62891,69667,48890,0.671,0.754,0.848,2025,NA,NA,NA,NA,NA,NA
1994,2,78384,101246,130776,59655,66653,74473,72734,61588,0.766,0.856,0.957,2025,NA,NA,NA,NA,NA,NA
1995,2,60332,76515,97039,55836,61522,67788,88248,61452,0.624,0.685,0.752,2025,NA,NA,NA,NA,NA,NA
1996,2,144019,179140,222825,45409,49691,54378,69643,57103,0.741,0.811,0.888,2025,NA,NA,NA,NA,NA,NA
1997,2,17227,22090,28325,41006,44932,49235,61893,44057,0.677,0.751,0.833,2025,NA,NA,NA,NA,NA,NA
1998,2,46487,57972,72294,46804,51298,56223,51761,41396,0.66,0.753,0.859,2025,NA,NA,NA,NA,NA,NA
1999,2,122724,152350,189128,44504,49251,54504,57402,45425,0.746,0.828,0.92,2025,NA,NA,NA,NA,NA,NA
2000,2,125892,153667,187570,40612,44691,49181,60817,41239,0.604,0.67,0.742,2025,NA,NA,NA,NA,NA,NA
2001,2,183900,222624,269502,49402,54290,59662,61429,39848,0.532,0.611,0.702,2025,NA,NA,NA,NA,NA,NA
2002,2,40403,50694,63606,75690,83593,92320,95876,50456,0.442,0.503,0.573,2025,NA,NA,NA,NA,NA,NA
2003,2,159872,195050,237968,120682,133509,147700,135578,61011,0.43,0.484,0.546,2025,NA,NA,NA,NA,NA,NA
2004,2,395539,474807,569961,136256,149954,165029,193419,84927,0.41,0.455,0.505,2025,NA,NA,NA,NA,NA,NA
2005,2,50511,63505,79843,126633,138680,151874,190688,97440,0.454,0.498,0.547,2025,NA,NA,NA,NA,NA,NA
2006,2,53249,66927,84119,107191,116770,127206,161821,97722,0.559,0.616,0.679,2025,NA,NA,NA,NA,NA,NA
2007,2,50450,63281,79375,123971,135585,148288,156684,109880,0.675,0.744,0.82,2025,NA,NA,NA,NA,NA,NA
2008,2,119800,146717,179682,116173,127539,140016,165052,102888,0.577,0.629,0.686,2025,NA,NA,NA,NA,NA,NA
2009,2,27081,34309,43465,100746,111012,122325,145448,82268,0.515,0.562,0.612,2025,NA,NA,NA,NA,NA,NA
2010,2,29281,37160,47159,80146,87976,96571,111100,64237,0.512,0.561,0.614,2025,NA,NA,NA,NA,NA,NA
2011,2,19581,25792,33973,72417,79919,88198,107523,49449,0.427,0.474,0.525,2025,NA,NA,NA,NA,NA,NA
2012,2,30835,38877,49016,72521,80124,88525,122274,46049,0.341,0.378,0.419,2025,NA,NA,NA,NA,NA,NA
2013,2,32586,41710,53389,77321,85824,95261,126037,44047,0.314,0.349,0.388,2025,NA,NA,NA,NA,NA,NA
2014,2,22212,28436,36404,62155,68832,76226,114061,33935,0.274,0.307,0.343,2025,NA,NA,NA,NA,NA,NA
2015,2,106979,131398,161391,68804,75809,83528,119948,39665,0.293,0.326,0.362,2025,NA,NA,NA,NA,NA,NA
2016,2,48316,60404,75515,62217,68244,74855,109126,38100,0.304,0.338,0.375,2025,NA,NA,NA,NA,NA,NA
2017,2,48235,60625,76197,62830,68796,75329,100521,37062,0.329,0.367,0.41,2025,NA,NA,NA,NA,NA,NA
2018,2,77193,95625,118458,71062,77801,85180,125038,48864,0.354,0.397,0.445,2025,NA,NA,NA,NA,NA,NA
2019,2,15708,20263,26138,79653,87583,96301,131774,58044,0.385,0.427,0.473,2025,NA,NA,NA,NA,NA,NA
2020,2,173385,210943,256636,81478,89701,98755,134361,54781,0.367,0.407,0.452,2025,NA,NA,NA,NA,NA,NA
2021,2,150086,183546,224465,85521,94188,103733,154222,57602,0.329,0.364,0.404,2025,NA,NA,NA,NA,NA,NA
2022,2,116167,142286,174278,95079,104924,115789,161731,58776,0.323,0.361,0.404,2025,NA,NA,NA,NA,NA,NA
2023,2,42299,54030,69015,124249,137859,152960,208312,71023,0.308,0.345,0.386,2025,NA,NA,NA,NA,NA,NA
2024,2,43769,57316,75055,128704,145945,165497,218426,85177,0.353,0.401,0.456,2025,NA,NA,NA,NA,NA,NA
2025,2,77980,113977,166590,127600,153758,185278,225480,NA,NA,NA,NA,2025,NA,NA,NA,NA,NA,NA
1979,2,72870,83104,92251,70365,74610,78547,99559,59327,0.5765,0.6302,0.6808,2024,92316,105722,0.5978,NA,NA,NA
1980,2,35239,39739,45529,87223,92062,97698,133427,53863,0.36870000000000003,0.4078,0.4406,2024,126148,141408,0.4124,NA,NA,NA
1981,2,9065,10568,11954,102937,108237,115247,167172,67126,0.3607,0.394,0.4277,2024,157886,178800,0.4368,NA,NA,NA
1982,2,40774,45994,51686,95634,100840,107669,156449,69378,0.4048,0.4414,0.4749,2024,147786,167044,0.4643,NA,NA,NA
1983,2,30266,34052,38525,75073,79293,85209,116481,65869,0.4703,0.5054,0.5442,2024,110106,125344,0.485,NA,NA,NA
1984,2,16072,17951,20336,57546,60792,64913,90292,48236,0.4559,0.5008,0.5324,2024,84893,96447,0.5044,NA,NA,NA
1985,2,42037,46906,52114,46799,49702,53599,92115,50953,0.5101,0.5463,0.5857,2024,86592,99216,0.6627,NA,NA,NA
1986,2,85141,94027,101962,38411,40938,44322,78540,48862,0.6037,0.6476,0.689,2024,73691,84862,0.7827,NA,NA,NA
1987,2,149072,162239,174638,32856,35172,37927,66965,40983,0.508,0.5486,0.6043,2024,62454,72075,0.6097,NA,NA,NA
1988,2,37422,41546,45910,49729,53203,56302,93969,54126,0.5386,0.5896,0.6397,2024,87362,100004,0.7081,NA,NA,NA
1989,2,21525,23699,26708,76117,81244,86029,130293,62732,0.4706,0.5155,0.5585,2024,121742,138491,0.631,NA,NA,NA
1990,2,23084,25781,29151,80807,85554,90562,121736,67053,0.5022,0.5463,0.5869,2024,114388,129280,0.6442,NA,NA,NA
1991,2,80166,87487,97458,63150,67127,71651,107075,54709,0.4863,0.5239,0.5616,2024,100695,114432,0.6301,NA,NA,NA
1992,2,149825,163006,177239,46009,49179,52955,72385,47147,0.6264,0.6725,0.7167,2024,67392,77972,0.7177,NA,NA,NA
1993,2,33421,37135,40493,53658,56470,60228,70988,48875,0.6356,0.6935,0.7501,2024,66525,76586,0.71,NA,NA,NA
1994,2,32230,35297,38858,68067,71988,77106,80483,61588,0.6795,0.7406,0.8043,2024,76079,86839,0.7283,NA,NA,NA
1995,2,60468,65518,71889,64085,68229,73376,98881,61435,0.5574,0.6077,0.6515,2024,92230,107077,0.7474,NA,NA,NA
1996,2,28723,31281,34444,50837,53554,57330,77291,57103,0.692,0.7442,0.801,2024,72402,84063,0.7256,NA,NA,NA
1997,2,85595,92290,100080,44242,46561,49413,67212,44034,0.6051,0.6566,0.6962,2024,63433,72002,0.6511,NA,NA,NA
1998,2,15995,17552,19488,48658,50915,54004,56834,41370,0.6753,0.7261,0.7761,2024,53538,61032,0.6786,NA,NA,NA
1999,2,46472,49986,54517,45857,48214,51408,58644,45418,0.7081,0.7594,0.8132,2024,55646,62933,0.7924,NA,NA,NA
2000,2,110548,118404,128767,45088,47370,50362,64664,41229,0.6395,0.6844,0.7396,2024,60807,69011,0.7618,NA,NA,NA
2001,2,141743,153737,165301,52894,55345,58198,64972,39848,0.5357,0.5829,0.6324,2024,61681,69175,0.5621,NA,NA,NA
2002,2,185132,199248,215693,77649,81590,85881,96064,50441,0.4577,0.5003,0.5494,2024,91274,101514,0.5146,NA,NA,NA
2003,2,42671,46577,50170,121998,128296,135549,131526,61011,0.4323,0.4757,0.5184,2024,124332,139341,0.47,NA,NA,NA
2004,2,134785,145864,157510,146988,154763,163917,202476,84817,0.4168,0.4567,0.4908,2024,191813,214395,0.4933,NA,NA,NA
2005,2,359248,382308,413784,133443,140586,150011,194992,97439,0.4643,0.5047,0.5481,2024,184104,207437,0.5245,NA,NA,NA
2006,2,79798,86701,94361,107229,112897,119984,157728,97720,0.5713,0.616,0.6701,2024,148542,168473,0.5671,NA,NA,NA
2007,2,37236,40381,43819,123299,129916,137379,152312,109825,0.6335,0.6859,0.7439,2024,144506,161648,0.5881,NA,NA,NA
2008,2,37367,39868,43480,122730,129881,138348,170176,102888,0.5281,0.5695,0.612,2024,160018,181886,0.5289,NA,NA,NA
2009,2,109293,117648,126965,107775,114252,121315,151116,82268,0.518,0.554,0.5986,2024,142092,160787,0.4954,NA,NA,NA
2010,2,40639,43855,47720,85020,89793,94961,115601,64237,0.5342,0.5795,0.6161,2024,108401,122976,0.4772,NA,NA,NA
2011,2,33376,36341,39635,74202,77742,82534,105730,49440,0.4354,0.4747,0.513,2024,100836,111788,0.3814,NA,NA,NA
2012,2,23137,25245,27483,72638,76553,81072,116355,46032,0.353,0.3889,0.4186,2024,110396,122781,0.349,NA,NA,NA
2013,2,39522,42744,46462,78994,82903,88039,120012,43987,0.328,0.359,0.3902,2024,114822,126806,0.3185,NA,NA,NA
2014,2,26761,29088,31398,66139,69403,73809,112821,33649,0.2647,0.2884,0.3136,2024,107848,119226,0.2583,NA,NA,NA
2015,2,19314,21233,23239,75896,79706,84756,122291,39515,0.2884,0.3168,0.3442,2024,116809,129153,0.3007,NA,NA,NA
2016,2,110067,119314,127611,69022,73270,78419,114223,38090,0.3044,0.3356,0.3664,2024,108417,121621,0.3194,NA,NA,NA
2017,2,50625,55649,60399,68489,72829,78197,102733,36459,0.323,0.3508,0.3799,2024,96769,109937,0.3349,NA,NA,NA
2018,2,44771,49095,53736,76481,80643,85570,129110,48491,0.3502,0.3763,0.4102,2024,123004,136952,0.4026,NA,NA,NA
2019,2,93974,104518,115449,88297,93199,98394,137361,57580,0.3866,0.4177,0.4512,2024,130047,144875,0.4374,NA,NA,NA
2020,2,18268,20556,23020,89599,95426,101062,141367,54473,0.3464,0.3817,0.4126,2024,132827,150053,0.3716,NA,NA,NA
2021,2,147394,165603,189539,91490,97728,104706,158417,57322,0.3256,0.3567,0.3923,2024,148871,168981,0.3664,NA,NA,NA
2022,2,133751,153043,184266,93357,101398,110207,152683,58565,0.3239,0.362,0.4047,2024,141239,164815,0.3209,NA,NA,NA
2023,2,96403,121342,156611,111839,123890,137464,188211,70311,0.337,0.3814,0.4305,2024,172100,206372,0.3822,NA,NA,NA
2024,2,33221,44941,62390,117470,127009,148676,187073,NA,NA,NA,NA,2024,167011,209905,NA,NA,NA,NA
1979,2,72890,83168,92814,70260,74593,78686,99532,59327,0.5812,0.6305,0.6789,2023,92618,106640,0.5974,NA,NA,NA
1980,2,35179,39694,45426,87034,92031,97387,133368,53870,0.3679,0.408,0.445,2023,125180,141608,0.4122,NA,NA,NA
1981,2,8950,10579,12134,102035,108184,115383,167087,67126,0.3588,0.3941,0.4219,2023,157056,178344,0.4367,NA,NA,NA
1982,2,40934,45963,51326,95450,100781,107771,156353,69378,0.4039,0.4415,0.4718,2023,147702,167500,0.4644,NA,NA,NA
1983,2,30301,34049,38678,75219,79235,85631,116397,65869,0.4718,0.5057,0.5399,2023,109837,126248,0.4853,NA,NA,NA
1984,2,15931,17973,20312,57457,60730,65272,90203,48236,0.4656,0.5013,0.5403,2023,85380,96717,0.5048,NA,NA,NA
1985,2,41852,46878,52099,46903,49712,53414,92168,50953,0.5091,0.5458,0.5851,2023,86527,98887,0.6631,NA,NA,NA
1986,2,85971,94001,102327,38271,40935,44169,78604,48862,0.6052,0.6471,0.6895,2023,74251,83865,0.7827,NA,NA,NA
1987,2,149381,162210,176850,32931,35169,37884,67014,40983,0.5029,0.5484,0.6025,2023,62960,72268,0.6097,NA,NA,NA
1988,2,37144,41589,45718,50407,53206,56449,94059,54126,0.5408,0.589,0.6358,2023,88514,100781,0.7074,NA,NA,NA
1989,2,20972,23711,26899,76891,81268,86354,130469,62732,0.4663,0.5145,0.5571,2023,123486,139084,0.6302,NA,NA,NA
1990,2,23275,25775,29511,80299,85581,91450,121849,67075,0.5087,0.5456,0.5894,2023,114127,130569,0.6441,NA,NA,NA
1991,2,80041,87468,97746,62210,67153,71673,107129,54715,0.4864,0.5229,0.5619,2023,99192,115009,0.6298,NA,NA,NA
1992,2,149599,163142,176989,45944,49220,52768,72487,47199,0.6242,0.6719,0.7213,2023,67115,77697,0.7178,NA,NA,NA
1993,2,33870,37205,41048,53904,56528,60163,71102,48894,0.638,0.6926,0.7491,2023,66977,76744,0.7092,NA,NA,NA
1994,2,32005,35361,39133,67957,72078,76775,80695,61608,0.6831,0.7383,0.8048,2023,76134,86877,0.7266,NA,NA,NA
1995,2,60517,65646,71827,64024,68335,72425,99114,61510,0.5636,0.6067,0.6512,2023,92225,105976,0.7467,NA,NA,NA
1996,2,28822,31367,34425,50474,53650,56721,77471,57223,0.6981,0.7431,0.7947,2023,72205,82462,0.7254,NA,NA,NA
1997,2,86849,92426,100447,44265,46671,48994,67405,44141,0.61240000000000006,0.6547,0.7037,2023,63382,71318,0.65,NA,NA,NA
1998,2,16024,17562,19525,48576,51066,53909,57037,41502,0.669,0.7241,0.773,2023,53550,60951,0.6776,NA,NA,NA
1999,2,45702,50056,54745,45760,48358,51199,58906,45603,0.7082,0.7572,0.8198,2023,55382,62916,0.7909,NA,NA,NA
2000,2,109421,118309,128176,44878,47499,50686,64894,41390,0.6318,0.6824,0.7396,2023,60779,69417,0.7599,NA,NA,NA
2001,2,142475,153476,167985,52636,55392,58669,65198,40220,0.536,0.5861,0.6452,2023,61530,69800,0.567,NA,NA,NA
2002,2,184577,198978,217331,77495,81469,86231,96065,50508,0.4553,0.5004,0.5511,2023,90893,102099,0.5152,NA,NA,NA
2003,2,42205,46543,50892,121073,128093,135192,131483,61036,0.4348,0.4756,0.5207,2023,124275,139697,0.4702,NA,NA,NA
2004,2,133502,145677,157576,146128,154515,163998,202401,84824,0.4152,0.4562,0.4912,2023,191043,214264,0.4935,NA,NA,NA
2005,2,359874,381696,408445,132786,140338,149195,194797,97443,0.4649,0.5046,0.5476,2023,183709,208251,0.5252,NA,NA,NA
2006,2,79987,86662,94499,106623,112691,120000,157588,97722,0.5648,0.6158,0.6549,2023,148226,168206,0.5676,NA,NA,NA
2007,2,36970,40373,44040,124092,129714,137524,152315,109826,0.6296,0.6851,0.7351,2023,144896,162499,0.5882,NA,NA,NA
2008,2,36624,39760,44157,123948,129670,137660,170179,102888,0.5264,0.5684,0.6115,2023,161778,180913,0.5289,NA,NA,NA
2009,2,109799,117457,127100,108304,114051,121768,151001,82268,0.514,0.5528,0.5916,2023,142456,160591,0.4954,NA,NA,NA
2010,2,40103,43745,47365,85100,89647,96021,115497,64237,0.5352,0.5787,0.6178,2023,109456,124601,0.4777,NA,NA,NA
2011,2,33574,36238,39472,73990,77616,82865,105694,49440,0.4379,0.4741,0.5117,2023,100530,113125,0.3818,NA,NA,NA
2012,2,23419,25162,27479,72843,76409,81331,116243,46032,0.3577,0.3887,0.4186,2023,110654,123556,0.3495,NA,NA,NA
2013,2,39002,42491,46160,78991,82687,88428,119803,43987,0.3278,0.3591,0.3897,2023,114587,128080,0.3192,NA,NA,NA
2014,2,26307,28859,31238,65792,69159,73819,112538,33649,0.2614,0.289,0.3133,2023,107180,119687,0.2594,NA,NA,NA
2015,2,19526,21050,23254,75460,79305,84378,121811,39515,0.2884,0.3179,0.3452,2023,116216,129166,0.3026,NA,NA,NA
2016,2,109996,118301,129040,69127,72720,77726,113526,38090,0.3092,0.3376,0.3666,2023,108301,121018,0.3225,NA,NA,NA
2017,2,49661,54206,59243,68260,72025,77054,101803,36459,0.3237,0.3541,0.3857,2023,96833,108426,0.3392,NA,NA,NA
2018,2,42852,46866,51475,75471,79420,84308,127732,48491,0.3519,0.3814,0.4182,2023,121515,135726,0.4101,NA,NA,NA
2019,2,87021,98232,109896,86240,90938,97166,134893,57580,0.3877,0.4274,0.4614,2023,127554,143824,0.4511,NA,NA,NA
2020,2,16598,19039,21970,86510,91543,99058,136735,54473,0.3564,0.3969,0.4317,2023,128889,147653,0.3905,NA,NA,NA
2021,2,137448,161495,194175,84699,91525,100476,149809,57322,0.3416,0.3808,0.4232,2023,139517,162964,0.3969,NA,NA,NA
2022,2,116953,148090,186447,83992,92722,104919,140583,58559,0.3503,0.4002,0.454,2023,128044,156366,0.3598,NA,NA,NA
2023,2,77437,106012,149577,102880,113562,134777,172195,NA,NA,NA,NA,2023,151371,194694,NA,NA,NA,NA
1979,2,NA,83386,NA,NA,74568,NA,99471,59327,NA,0.5964,NA,2022,NA,NA,0.5963,NA,NA,NA
1980,2,NA,39648,NA,NA,92018,NA,133306,53870,NA,0.4041,NA,2022,NA,NA,0.4115,NA,NA,NA
1981,2,NA,10611,NA,NA,108179,NA,167054,67126,NA,0.4018,NA,2022,NA,NA,0.436,NA,NA,NA
1982,2,NA,45933,NA,NA,100806,NA,156362,69378,NA,0.4437,NA,2022,NA,NA,0.464,NA,NA,NA
1983,2,NA,34031,NA,NA,79279,NA,116436,65869,NA,0.5657,NA,2022,NA,NA,0.4847,NA,NA,NA
1984,2,NA,17996,NA,NA,60773,NA,90242,48236,NA,0.5345,NA,2022,NA,NA,0.5039,NA,NA,NA
1985,2,NA,46826,NA,NA,49747,NA,92180,50953,NA,0.5528,NA,2022,NA,NA,0.6619,NA,NA,NA
1986,2,NA,93945,NA,NA,40975,NA,78628,48862,NA,0.6214,NA,2022,NA,NA,0.7804,NA,NA,NA
1987,2,NA,162119,NA,NA,35198,NA,67036,40983,NA,0.6114,NA,2022,NA,NA,0.6083,NA,NA,NA
1988,2,NA,41639,NA,NA,53200,NA,94023,54126,NA,0.5757,NA,2022,NA,NA,0.7054,NA,NA,NA
1989,2,NA,23712,NA,NA,81223,NA,130389,62732,NA,0.4811,NA,2022,NA,NA,0.6286,NA,NA,NA
1990,2,NA,25729,NA,NA,85529,NA,121774,67075,NA,0.5508,NA,2022,NA,NA,0.6434,NA,NA,NA
1991,2,NA,87380,NA,NA,67120,NA,107050,54715,NA,0.5111,NA,2022,NA,NA,0.6288,NA,NA,NA
1992,2,NA,163003,NA,NA,49225,NA,72477,47199,NA,0.6512,NA,2022,NA,NA,0.7165,NA,NA,NA
1993,2,NA,37252,NA,NA,56497,NA,71055,48894,NA,0.6881,NA,2022,NA,NA,0.7075,NA,NA,NA
1994,2,NA,35343,NA,NA,71976,NA,80615,61608,NA,0.7642,NA,2022,NA,NA,0.7255,NA,NA,NA
1995,2,NA,65643,NA,NA,68194,NA,98928,61510,NA,0.6218,NA,2022,NA,NA,0.7461,NA,NA,NA
1996,2,NA,31344,NA,NA,53541,NA,77303,57223,NA,0.7402,NA,2022,NA,NA,0.7253,NA,NA,NA
1997,2,NA,92139,NA,NA,46584,NA,67270,44141,NA,0.6562,NA,2022,NA,NA,0.649,NA,NA,NA
1998,2,NA,17523,NA,NA,50965,NA,56939,41502,NA,0.7289,NA,2022,NA,NA,0.6762,NA,NA,NA
1999,2,NA,49988,NA,NA,48232,NA,58805,45603,NA,0.7755,NA,2022,NA,NA,0.7898,NA,NA,NA
2000,2,NA,118211,NA,NA,47316,NA,64667,41390,NA,0.6401,NA,2022,NA,NA,0.7603,NA,NA,NA
2001,2,NA,153153,NA,NA,55197,NA,64931,40220,NA,0.6194,NA,2022,NA,NA,0.5663,NA,NA,NA
2002,2,NA,198539,NA,NA,81246,NA,95816,50508,NA,0.5271,NA,2022,NA,NA,0.5141,NA,NA,NA
2003,2,NA,46513,NA,NA,127748,NA,131183,61036,NA,0.4653,NA,2022,NA,NA,0.4696,NA,NA,NA
2004,2,NA,145467,NA,NA,154242,NA,202053,84824,NA,0.4198,NA,2022,NA,NA,0.4923,NA,NA,NA
2005,2,NA,381255,NA,NA,139999,NA,194299,97443,NA,0.5015,NA,2022,NA,NA,0.5245,NA,NA,NA
2006,2,NA,86629,NA,NA,112472,NA,157265,97722,NA,0.6214,NA,2022,NA,NA,0.5669,NA,NA,NA
2007,2,NA,40381,NA,NA,129477,NA,152080,109826,NA,0.7222,NA,2022,NA,NA,0.5871,NA,NA,NA
2008,2,NA,39739,NA,NA,129398,NA,169880,102888,NA,0.6057,NA,2022,NA,NA,0.528,NA,NA,NA
2009,2,NA,117152,NA,NA,113840,NA,150667,82268,NA,0.546,NA,2022,NA,NA,0.494,NA,NA,NA
2010,2,NA,43659,NA,NA,89588,NA,115394,64237,NA,0.5567,NA,2022,NA,NA,0.4767,NA,NA,NA
2011,2,NA,36113,NA,NA,77594,NA,105662,49440,NA,0.4679,NA,2022,NA,NA,0.3807,NA,NA,NA
2012,2,NA,25062,NA,NA,76375,NA,116137,46032,NA,0.3964,NA,2022,NA,NA,0.3483,NA,NA,NA
2013,2,NA,42325,NA,NA,82642,NA,119655,43987,NA,0.3676,NA,2022,NA,NA,0.3182,NA,NA,NA
2014,2,NA,28694,NA,NA,69109,NA,112403,33649,NA,0.2994,NA,2022,NA,NA,0.2591,NA,NA,NA
2015,2,NA,20943,NA,NA,79169,NA,121557,39515,NA,0.3251,NA,2022,NA,NA,0.3025,NA,NA,NA
2016,2,NA,116033,NA,NA,72500,NA,113170,38090,NA,0.3366,NA,2022,NA,NA,0.3231,NA,NA,NA
2017,2,NA,52231,NA,NA,71579,NA,101279,36459,NA,0.36,NA,2022,NA,NA,0.3404,NA,NA,NA
2018,2,NA,43746,NA,NA,78312,NA,126098,48491,NA,0.3845,NA,2022,NA,NA,0.4149,NA,NA,NA
2019,2,NA,87672,NA,NA,88338,NA,131736,57580,NA,0.4371,NA,2022,NA,NA,0.4635,NA,NA,NA
2020,2,NA,16548,NA,NA,86713,NA,130911,54459,NA,0.416,NA,2022,NA,NA,0.4129,NA,NA,NA
2021,2,NA,148599,NA,NA,83214,NA,137844,57318,NA,0.4158,NA,2022,NA,NA,0.4436,NA,NA,NA
2022,2,NA,142885,NA,NA,82088,NA,122369,NA,NA,NA,NA,2022,NA,NA,NA,NA,NA,NA
1979,2,NA,79447,NA,NA,67386,NA,86748,51009,NA,0.588,NA,2021,NA,NA,0.5651,NA,NA,NA
1980,2,NA,39612,NA,NA,85824,NA,119679,46314,NA,0.387,NA,2021,NA,NA,0.38,NA,NA,NA
1981,2,NA,10503,NA,NA,104420,NA,156183,56655,NA,0.3627,NA,2021,NA,NA,0.3794,NA,NA,NA
1982,2,NA,46016,NA,NA,100650,NA,154722,69385,NA,0.4484,NA,2021,NA,NA,0.4615,NA,NA,NA
1983,2,NA,33976,NA,NA,79269,NA,115673,65869,NA,0.5694,NA,2021,NA,NA,0.4835,NA,NA,NA
1984,2,NA,17879,NA,NA,60868,NA,89157,48236,NA,0.541,NA,2021,NA,NA,0.5006,NA,NA,NA
1985,2,NA,46675,NA,NA,49929,NA,91739,50953,NA,0.5554,NA,2021,NA,NA,0.6582,NA,NA,NA
1986,2,NA,93923,NA,NA,40824,NA,76991,48881,NA,0.6349,NA,2021,NA,NA,0.7798,NA,NA,NA
1987,2,NA,162144,NA,NA,35291,NA,65807,41028,NA,0.6235,NA,2021,NA,NA,0.6057,NA,NA,NA
1988,2,NA,41538,NA,NA,53256,NA,91793,54148,NA,0.5899,NA,2021,NA,NA,0.7023,NA,NA,NA
1989,2,NA,23664,NA,NA,81298,NA,126926,62782,NA,0.4946,NA,2021,NA,NA,0.6265,NA,NA,NA
1990,2,NA,25715,NA,NA,85590,NA,120026,67117,NA,0.5592,NA,2021,NA,NA,0.6429,NA,NA,NA
1991,2,NA,87224,NA,NA,67134,NA,106308,54715,NA,0.5147,NA,2021,NA,NA,0.628,NA,NA,NA
1992,2,NA,162777,NA,NA,49259,NA,71318,47198,NA,0.6618,NA,2021,NA,NA,0.7132,NA,NA,NA
1993,2,NA,37077,NA,NA,56530,NA,69119,48893,NA,0.7074,NA,2021,NA,NA,0.705,NA,NA,NA
1994,2,NA,35219,NA,NA,71919,NA,77013,61608,NA,0.8,NA,2021,NA,NA,0.7242,NA,NA,NA
1995,2,NA,65434,NA,NA,68089,NA,96583,61510,NA,0.6369,NA,2021,NA,NA,0.7453,NA,NA,NA
1996,2,NA,31298,NA,NA,53414,NA,75673,57223,NA,0.7562,NA,2021,NA,NA,0.7249,NA,NA,NA
1997,2,NA,91867,NA,NA,46454,NA,65448,44164,NA,0.6748,NA,2021,NA,NA,0.6487,NA,NA,NA
1998,2,NA,17454,NA,NA,50808,NA,55626,41528,NA,0.7465,NA,2021,NA,NA,0.6766,NA,NA,NA
1999,2,NA,49840,NA,NA,48059,NA,56618,45603,NA,0.8054,NA,2021,NA,NA,0.7892,NA,NA,NA
2000,2,NA,117823,NA,NA,47119,NA,62927,41398,NA,0.6579,NA,2021,NA,NA,0.7616,NA,NA,NA
2001,2,NA,152668,NA,NA,54956,NA,63203,40220,NA,0.6364,NA,2021,NA,NA,0.5661,NA,NA,NA
2002,2,NA,198124,NA,NA,80911,NA,92242,50509,NA,0.5476,NA,2021,NA,NA,0.5147,NA,NA,NA
2003,2,NA,46303,NA,NA,127226,NA,126325,61036,NA,0.4832,NA,2021,NA,NA,0.4703,NA,NA,NA
2004,2,NA,145241,NA,NA,153562,NA,195621,84918,NA,0.4341,NA,2021,NA,NA,0.494,NA,NA,NA
2005,2,NA,381132,NA,NA,139350,NA,190460,97443,NA,0.5116,NA,2021,NA,NA,0.5238,NA,NA,NA
2006,2,NA,86388,NA,NA,112099,NA,152907,97724,NA,0.6391,NA,2021,NA,NA,0.5672,NA,NA,NA
2007,2,NA,40367,NA,NA,129224,NA,145318,109880,NA,0.7561,NA,2021,NA,NA,0.5867,NA,NA,NA
2008,2,NA,39624,NA,NA,129184,NA,162762,102888,NA,0.6321,NA,2021,NA,NA,0.5273,NA,NA,NA
2009,2,NA,117267,NA,NA,113700,NA,146694,82268,NA,0.5608,NA,2021,NA,NA,0.4933,NA,NA,NA
2010,2,NA,43484,NA,NA,89556,NA,113168,64237,NA,0.5676,NA,2021,NA,NA,0.4754,NA,NA,NA
2011,2,NA,35950,NA,NA,77610,NA,102713,49449,NA,0.4814,NA,2021,NA,NA,0.3792,NA,NA,NA
2012,2,NA,24886,NA,NA,76515,NA,114217,46049,NA,0.4032,NA,2021,NA,NA,0.347,NA,NA,NA
2013,2,NA,41752,NA,NA,82738,NA,118342,44028,NA,0.372,NA,2021,NA,NA,0.3176,NA,NA,NA
2014,2,NA,28189,NA,NA,69123,NA,111243,33853,NA,0.3043,NA,2021,NA,NA,0.2601,NA,NA,NA
2015,2,NA,20594,NA,NA,78745,NA,119813,39574,NA,0.3303,NA,2021,NA,NA,0.3045,NA,NA,NA
2016,2,NA,112058,NA,NA,71757,NA,111157,38090,NA,0.3427,NA,2021,NA,NA,0.3266,NA,NA,NA
2017,2,NA,50884,NA,NA,70443,NA,99152,36831,NA,0.3715,NA,2021,NA,NA,0.3502,NA,NA,NA
2018,2,NA,42968,NA,NA,75675,NA,119526,48725,NA,0.4077,NA,2021,NA,NA,0.4339,NA,NA,NA
2019,2,NA,84128,NA,NA,83853,NA,124500,57713,NA,0.4636,NA,2021,NA,NA,0.498,NA,NA,NA
2020,2,NA,15733,NA,NA,80347,NA,121551,54548,NA,0.4488,NA,2021,NA,NA,0.4607,NA,NA,NA
2021,2,NA,167484,NA,NA,79569,NA,124565,NA,NA,NA,NA,2021,NA,NA,NA,NA,NA,NA
1979,2,NA,75918,NA,NA,74045,NA,93721,55330,NA,0.5904,NA,2020,NA,NA,0.4664,NA,NA,NA
1980,2,NA,38250,NA,NA,94387,NA,132536,51110,NA,0.3856,NA,2020,NA,NA,0.3646,NA,NA,NA
1981,2,NA,9683,NA,NA,110007,NA,166998,63558,NA,0.3806,NA,2020,NA,NA,0.427,NA,NA,NA
1982,2,NA,42814,NA,NA,101157,NA,154387,69428,NA,0.4497,NA,2020,NA,NA,0.4424,NA,NA,NA
1983,2,NA,32613,NA,NA,79628,NA,116231,65942,NA,0.5673,NA,2020,NA,NA,0.4696,NA,NA,NA
1984,2,NA,16858,NA,NA,60664,NA,87720,48282,NA,0.5504,NA,2020,NA,NA,0.4709,NA,NA,NA
1985,2,NA,45808,NA,NA,49923,NA,90250,51102,NA,0.5662,NA,2020,NA,NA,0.5984,NA,NA,NA
1986,2,NA,90164,NA,NA,42722,NA,76185,48859,NA,0.6413,NA,2020,NA,NA,0.7392,NA,NA,NA
1987,2,NA,168552,NA,NA,38963,NA,66854,40760,NA,0.6097,NA,2020,NA,NA,0.6122,NA,NA,NA
1988,2,NA,42385,NA,NA,54845,NA,88382,54204,NA,0.6133,NA,2020,NA,NA,0.7103,NA,NA,NA
1989,2,NA,26156,NA,NA,81657,NA,128940,62885,NA,0.4877,NA,2020,NA,NA,0.6601,NA,NA,NA
1990,2,NA,26590,NA,NA,85815,NA,120118,67198,NA,0.5594,NA,2020,NA,NA,0.6482,NA,NA,NA
1991,2,NA,89944,NA,NA,66774,NA,107686,54692,NA,0.5079,NA,2020,NA,NA,0.6678,NA,NA,NA
1992,2,NA,162687,NA,NA,48436,NA,70164,47121,NA,0.6716,NA,2020,NA,NA,0.7366,NA,NA,NA
1993,2,NA,37040,NA,NA,56447,NA,67783,48123,NA,0.71,NA,2020,NA,NA,0.722,NA,NA,NA
1994,2,NA,35689,NA,NA,71877,NA,76344,59502,NA,0.7794,NA,2020,NA,NA,0.7062,NA,NA,NA
1995,2,NA,66371,NA,NA,65963,NA,94616,60884,NA,0.6435,NA,2020,NA,NA,0.7861,NA,NA,NA
1996,2,NA,31745,NA,NA,52615,NA,72986,56890,NA,0.7795,NA,2020,NA,NA,0.7525,NA,NA,NA
1997,2,NA,92842,NA,NA,44443,NA,61252,43764,NA,0.7145,NA,2020,NA,NA,0.6652,NA,NA,NA
1998,2,NA,17902,NA,NA,49496,NA,53284,41192,NA,0.7731,NA,2020,NA,NA,0.6959,NA,NA,NA
1999,2,NA,50764,NA,NA,47319,NA,56800,45411,NA,0.7995,NA,2020,NA,NA,0.7973,NA,NA,NA
2000,2,NA,116241,NA,NA,45974,NA,62392,42105,NA,0.6748,NA,2020,NA,NA,0.7842,NA,NA,NA
2001,2,NA,150042,NA,NA,54209,NA,63630,39654,NA,0.6232,NA,2020,NA,NA,0.5587,NA,NA,NA
2002,2,NA,194583,NA,NA,78362,NA,90813,50498,NA,0.5561,NA,2020,NA,NA,0.5198,NA,NA,NA
2003,2,NA,45399,NA,NA,122015,NA,120269,60883,NA,0.5062,NA,2020,NA,NA,0.4732,NA,NA,NA
2004,2,NA,142479,NA,NA,147181,NA,187065,84828,NA,0.4535,NA,2020,NA,NA,0.4924,NA,NA,NA
2005,2,NA,380003,NA,NA,136699,NA,185608,97225,NA,0.5238,NA,2020,NA,NA,0.5257,NA,NA,NA
2006,2,NA,86224,NA,NA,107241,NA,147358,97614,NA,0.6624,NA,2020,NA,NA,0.5683,NA,NA,NA
2007,2,NA,40404,NA,NA,124307,NA,141183,109966,NA,0.7789,NA,2020,NA,NA,0.5771,NA,NA,NA
2008,2,NA,38499,NA,NA,121389,NA,155741,102872,NA,0.6605,NA,2020,NA,NA,0.5393,NA,NA,NA
2009,2,NA,117045,NA,NA,108483,NA,143104,82045,NA,0.5733,NA,2020,NA,NA,0.496,NA,NA,NA
2010,2,NA,43093,NA,NA,85800,NA,110790,64168,NA,0.5792,NA,2020,NA,NA,0.4812,NA,NA,NA
2011,2,NA,36309,NA,NA,74927,NA,101860,49433,NA,0.4853,NA,2020,NA,NA,0.3881,NA,NA,NA
2012,2,NA,24732,NA,NA,73634,NA,110230,46208,NA,0.4192,NA,2020,NA,NA,0.3507,NA,NA,NA
2013,2,NA,41655,NA,NA,80099,NA,119246,44097,NA,0.3698,NA,2020,NA,NA,0.3283,NA,NA,NA
2014,2,NA,27764,NA,NA,64586,NA,105726,33900,NA,0.3206,NA,2020,NA,NA,0.2663,NA,NA,NA
2015,2,NA,20313,NA,NA,74902,NA,115427,39646,NA,0.3435,NA,2020,NA,NA,0.3161,NA,NA,NA
2016,2,NA,111743,NA,NA,67022,NA,105881,38109,NA,0.3599,NA,2020,NA,NA,0.33,NA,NA,NA
2017,2,NA,49092,NA,NA,67040,NA,96120,37058,NA,0.3855,NA,2020,NA,NA,0.3593,NA,NA,NA
2018,2,NA,40924,NA,NA,72396,NA,115930,48860,NA,0.4215,NA,2020,NA,NA,0.4734,NA,NA,NA
2019,2,NA,78645,NA,NA,78038,NA,118230,58044,NA,0.4909,NA,2020,NA,NA,0.5534,NA,NA,NA
2020,2,NA,13711,NA,NA,76201,NA,112066,NA,NA,NA,NA,2020,NA,NA,NA,NA,NA,NA
1979,2,NA,75949,NA,NA,74036,NA,93711,55330,NA,0.5904,NA,2019,NA,NA,0.4665,NA,NA,NA
1980,2,NA,38199,NA,NA,94381,NA,132529,51110,NA,0.3857,NA,2019,NA,NA,0.3647,NA,NA,NA
1981,2,NA,9701,NA,NA,110012,NA,167016,63558,NA,0.3806,NA,2019,NA,NA,0.4271,NA,NA,NA
1982,2,NA,42697,NA,NA,101173,NA,154424,69428,NA,0.4496,NA,2019,NA,NA,0.4423,NA,NA,NA
1983,2,NA,32553,NA,NA,79615,NA,116256,65942,NA,0.5672,NA,2019,NA,NA,0.4695,NA,NA,NA
1984,2,NA,16864,NA,NA,60604,NA,87662,48282,NA,0.5508,NA,2019,NA,NA,0.4708,NA,NA,NA
1985,2,NA,45769,NA,NA,49826,NA,90091,51102,NA,0.5672,NA,2019,NA,NA,0.5985,NA,NA,NA
1986,2,NA,90160,NA,NA,42630,NA,76067,48859,NA,0.6423,NA,2019,NA,NA,0.7399,NA,NA,NA
1987,2,NA,168451,NA,NA,38917,NA,66830,40760,NA,0.6099,NA,2019,NA,NA,0.6129,NA,NA,NA
1988,2,NA,42394,NA,NA,54751,NA,88096,54204,NA,0.6153,NA,2019,NA,NA,0.7112,NA,NA,NA
1989,2,NA,26158,NA,NA,81603,NA,128843,62885,NA,0.4881,NA,2019,NA,NA,0.6606,NA,NA,NA
1990,2,NA,26591,NA,NA,85851,NA,120189,67198,NA,0.5591,NA,2019,NA,NA,0.6488,NA,NA,NA
1991,2,NA,89989,NA,NA,66769,NA,107696,54692,NA,0.5078,NA,2019,NA,NA,0.6681,NA,NA,NA
1992,2,NA,162479,NA,NA,48422,NA,70168,47121,NA,0.6715,NA,2019,NA,NA,0.7363,NA,NA,NA
1993,2,NA,37064,NA,NA,56429,NA,67847,48123,NA,0.7093,NA,2019,NA,NA,0.7218,NA,NA,NA
1994,2,NA,35677,NA,NA,71815,NA,76300,59502,NA,0.7798,NA,2019,NA,NA,0.7066,NA,NA,NA
1995,2,NA,66288,NA,NA,65890,NA,94526,60884,NA,0.6441,NA,2019,NA,NA,0.7874,NA,NA,NA
1996,2,NA,31682,NA,NA,52546,NA,72917,56890,NA,0.7802,NA,2019,NA,NA,0.7537,NA,NA,NA
1997,2,NA,92607,NA,NA,44343,NA,61151,43764,NA,0.7157,NA,2019,NA,NA,0.6667,NA,NA,NA
1998,2,NA,17890,NA,NA,49330,NA,53127,41192,NA,0.7753,NA,2019,NA,NA,0.6977,NA,NA,NA
1999,2,NA,50667,NA,NA,47124,NA,56583,45411,NA,0.8026,NA,2019,NA,NA,0.7999000000000006,NA,NA,NA
2000,2,NA,116017,NA,NA,45784,NA,62127,42105,NA,0.6777,NA,2019,NA,NA,0.7855,NA,NA,NA
2001,2,NA,149915,NA,NA,54026,NA,63417,39654,NA,0.6253,NA,2019,NA,NA,0.5604,NA,NA,NA
2002,2,NA,194323,NA,NA,78105,NA,90507,50498,NA,0.5579,NA,2019,NA,NA,0.5214,NA,NA,NA
2003,2,NA,45403,NA,NA,121663,NA,119899,60883,NA,0.5078,NA,2019,NA,NA,0.4752,NA,NA,NA
2004,2,NA,142375,NA,NA,146780,NA,186568,84828,NA,0.4547,NA,2019,NA,NA,0.4936,NA,NA,NA
2005,2,NA,379875,NA,NA,136334,NA,185146,97225,NA,0.5251,NA,2019,NA,NA,0.5269,NA,NA,NA
2006,2,NA,86081,NA,NA,106937,NA,146960,97614,NA,0.6642,NA,2019,NA,NA,0.5692,NA,NA,NA
2007,2,NA,40289,NA,NA,124015,NA,140847,109966,NA,0.7807,NA,2019,NA,NA,0.5783,NA,NA,NA
2008,2,NA,38331,NA,NA,121075,NA,155379,102872,NA,0.6621,NA,2019,NA,NA,0.5407,NA,NA,NA
2009,2,NA,116302,NA,NA,108116,NA,142698,82045,NA,0.575,NA,2019,NA,NA,0.4975,NA,NA,NA
2010,2,NA,42740,NA,NA,85360,NA,110313,64168,NA,0.5817,NA,2019,NA,NA,0.4828,NA,NA,NA
2011,2,NA,35801,NA,NA,74368,NA,101186,49433,NA,0.4885,NA,2019,NA,NA,0.39,NA,NA,NA
2012,2,NA,24071,NA,NA,72876,NA,109256,46208,NA,0.4229,NA,2019,NA,NA,0.354,NA,NA,NA
2013,2,NA,40773,NA,NA,78921,NA,117738,44097,NA,0.3745,NA,2019,NA,NA,0.3334,NA,NA,NA
2014,2,NA,27910,NA,NA,63221,NA,103696,33900,NA,0.3269,NA,2019,NA,NA,0.2723,NA,NA,NA
2015,2,NA,20576,NA,NA,72845,NA,112575,39646,NA,0.3522,NA,2019,NA,NA,0.3259,NA,NA,NA
2016,2,NA,111089,NA,NA,64759,NA,102901,38109,NA,0.3703,NA,2019,NA,NA,0.3433,NA,NA,NA
2017,2,NA,50230,NA,NA,64458,NA,93098,37058,NA,0.3981,NA,2019,NA,NA,0.3768,NA,NA,NA
2018,2,NA,44681,NA,NA,69714,NA,112786,48860,NA,0.4332,NA,2019,NA,NA,0.5022,NA,NA,NA
2019,2,NA,81247,NA,NA,76758,NA,115226,NA,NA,NA,NA,2019,NA,NA,NA,NA,NA,NA
1979,2,NA,81000,NA,NA,96000,NA,102000,55000000,NA,0.542,NA,2016,NA,NA,0.521,NA,NA,NA
1980,2,NA,37000,NA,NA,117000,NA,138000,51000000,NA,0.37,NA,2016,NA,NA,0.398,NA,NA,NA
1981,2,NA,10000,NA,NA,142000,NA,177000,64000000,NA,0.36,NA,2016,NA,NA,0.542,NA,NA,NA
1982,2,NA,43000,NA,NA,137000,NA,168000,69000000,NA,0.413,NA,2016,NA,NA,0.444,NA,NA,NA
1983,2,NA,29000,NA,NA,113000,NA,130000,66000000,NA,0.508,NA,2016,NA,NA,0.508,NA,NA,NA
1984,2,NA,21000,NA,NA,83000,NA,95000,48000000,NA,0.509,NA,2016,NA,NA,0.515,NA,NA,NA
1985,2,NA,43000,NA,NA,67000,NA,92000,51000000,NA,0.554,NA,2016,NA,NA,0.537,NA,NA,NA
1986,2,NA,87000,NA,NA,60000,NA,80000,49000000,NA,0.612,NA,2016,NA,NA,0.739,NA,NA,NA
1987,2,NA,164000,NA,NA,46000,NA,70000,41000000,NA,0.578,NA,2016,NA,NA,0.584,NA,NA,NA
1988,2,NA,49000,NA,NA,69000,NA,86000,54000000,NA,0.627,NA,2016,NA,NA,0.675,NA,NA,NA
1989,2,NA,30000,NA,NA,100000,NA,123000,63000000,NA,0.509,NA,2016,NA,NA,0.676,NA,NA,NA
1990,2,NA,27000,NA,NA,111000,NA,120000,67000000,NA,0.559,NA,2016,NA,NA,0.611,NA,NA,NA
1991,2,NA,92000,NA,NA,90000,NA,109000,55000000,NA,0.503,NA,2016,NA,NA,0.664,NA,NA,NA
1992,2,NA,175000,NA,NA,66000,NA,71000,47000000,NA,0.664,NA,2016,NA,NA,0.728,NA,NA,NA
1993,2,NA,38000,NA,NA,71000,NA,66000,48000000,NA,0.734,NA,2016,NA,NA,0.669,NA,NA,NA
1994,2,NA,47000,NA,NA,83000,NA,69000,60000000,NA,0.862,NA,2016,NA,NA,0.641,NA,NA,NA
1995,2,NA,73000,NA,NA,85000,NA,92000,61000000,NA,0.664,NA,2016,NA,NA,0.661,NA,NA,NA
1996,2,NA,36000,NA,NA,70000,NA,74000,57000000,NA,0.772,NA,2016,NA,NA,0.675,NA,NA,NA
1997,2,NA,103000,NA,NA,59000,NA,63000,44000000,NA,0.698,NA,2016,NA,NA,0.624,NA,NA,NA
1998,2,NA,18000,NA,NA,64000,NA,55000,41000000,NA,0.747,NA,2016,NA,NA,0.627,NA,NA,NA
1999,2,NA,50000,NA,NA,64000,NA,58000,45000000,NA,0.776,NA,2016,NA,NA,0.685,NA,NA,NA
2000,2,NA,117000,NA,NA,64000,NA,65000,42000000,NA,0.643,NA,2016,NA,NA,0.636,NA,NA,NA
2001,2,NA,157000,NA,NA,70000,NA,68000,40000000,NA,0.582,NA,2016,NA,NA,0.462,NA,NA,NA
2002,2,NA,187000,NA,NA,99000,NA,94000,50000000,NA,0.535,NA,2016,NA,NA,0.461,NA,NA,NA
2003,2,NA,50000,NA,NA,148000,NA,124000,61000000,NA,0.492,NA,2016,NA,NA,0.404,NA,NA,NA
2004,2,NA,151000,NA,NA,181000,NA,188000,85000000,NA,0.451,NA,2016,NA,NA,0.491,NA,NA,NA
2005,2,NA,385000,NA,NA,177000,NA,190000,97000000,NA,0.51,NA,2016,NA,NA,0.522,NA,NA,NA
2006,2,NA,91000,NA,NA,143000,NA,155000,98000000,NA,0.628,NA,2016,NA,NA,0.577,NA,NA,NA
2007,2,NA,43000,NA,NA,163000,NA,148000,110000000,NA,0.745,NA,2016,NA,NA,0.555,NA,NA,NA
2008,2,NA,44000,NA,NA,158000,NA,161000,103000000,NA,0.639,NA,2016,NA,NA,0.475,NA,NA,NA
2009,2,NA,121000,NA,NA,142000,NA,147000,82000000,NA,0.559,NA,2016,NA,NA,0.504,NA,NA,NA
2010,2,NA,42000,NA,NA,114000,NA,114000,64000000,NA,0.561,NA,2016,NA,NA,0.469,NA,NA,NA
2011,2,NA,32000,NA,NA,98000,NA,108000,49000000,NA,0.458,NA,2016,NA,NA,0.402,NA,NA,NA
2012,2,NA,21000,NA,NA,95000,NA,118000,46000000,NA,0.393,NA,2016,NA,NA,0.331,NA,NA,NA
2013,2,NA,40000,NA,NA,100000,NA,124000,44000000,NA,0.355,NA,2016,NA,NA,0.324,NA,NA,NA
2014,2,NA,28000,NA,NA,77000,NA,106000,34000000,NA,0.319,NA,2016,NA,NA,0.275,NA,NA,NA
2015,2,NA,14000,NA,NA,87000,NA,113000,40000000,NA,0.351,NA,2016,NA,NA,0.373,NA,NA,NA
2016,2,NA,120000,NA,NA,77000,NA,101000,NA,NA,NA,NA,2016,NA,NA,NA,NA,NA,NA
1979,2,NA,81000,NA,NA,96000,NA,102000,55000000,NA,0.54,NA,2015,NA,NA,0.52,NA,NA,NA
1980,2,NA,37000,NA,NA,117000,NA,138000,51000000,NA,0.37,NA,2015,NA,NA,0.4,NA,NA,NA
1981,2,NA,10000,NA,NA,142000,NA,177000,64000000,NA,0.36,NA,2015,NA,NA,0.54,NA,NA,NA
1982,2,NA,43000,NA,NA,137000,NA,168000,69000000,NA,0.41,NA,2015,NA,NA,0.44,NA,NA,NA
1983,2,NA,29000,NA,NA,113000,NA,130000,66000000,NA,0.51,NA,2015,NA,NA,0.51,NA,NA,NA
1984,2,NA,21000,NA,NA,83000,NA,95000,48000000,NA,0.51,NA,2015,NA,NA,0.52,NA,NA,NA
1985,2,NA,43000,NA,NA,67000,NA,92000,51000000,NA,0.55,NA,2015,NA,NA,0.54,NA,NA,NA
1986,2,NA,87000,NA,NA,60000,NA,80000,49000000,NA,0.61,NA,2015,NA,NA,0.74,NA,NA,NA
1987,2,NA,164000,NA,NA,46000,NA,70000,41000000,NA,0.58,NA,2015,NA,NA,0.58,NA,NA,NA
1988,2,NA,49000,NA,NA,69000,NA,86000,54000000,NA,0.63,NA,2015,NA,NA,0.68,NA,NA,NA
1989,2,NA,30000,NA,NA,100000,NA,123000,63000000,NA,0.51,NA,2015,NA,NA,0.68,NA,NA,NA
1990,2,NA,27000,NA,NA,111000,NA,120000,67000000,NA,0.56,NA,2015,NA,NA,0.61,NA,NA,NA
1991,2,NA,92000,NA,NA,90000,NA,109000,55000000,NA,0.5,NA,2015,NA,NA,0.66,NA,NA,NA
1992,2,NA,175000,NA,NA,66000,NA,71000,47000000,NA,0.66,NA,2015,NA,NA,0.73,NA,NA,NA
1993,2,NA,38000,NA,NA,71000,NA,66000,48000000,NA,0.73,NA,2015,NA,NA,0.67,NA,NA,NA
1994,2,NA,47000,NA,NA,83000,NA,69000,60000000,NA,0.86,NA,2015,NA,NA,0.64,NA,NA,NA
1995,2,NA,73000,NA,NA,85000,NA,92000,61000000,NA,0.66,NA,2015,NA,NA,0.66,NA,NA,NA
1996,2,NA,36000,NA,NA,70000,NA,74000,57000000,NA,0.77,NA,2015,NA,NA,0.68,NA,NA,NA
1997,2,NA,103000,NA,NA,59000,NA,63000,44000000,NA,0.7,NA,2015,NA,NA,0.62,NA,NA,NA
1998,2,NA,18000,NA,NA,64000,NA,55000,41000000,NA,0.75,NA,2015,NA,NA,0.63,NA,NA,NA
1999,2,NA,50000,NA,NA,64000,NA,58000,45000000,NA,0.78,NA,2015,NA,NA,0.68,NA,NA,NA
2000,2,NA,117000,NA,NA,64000,NA,65000,42000000,NA,0.64,NA,2015,NA,NA,0.64,NA,NA,NA
2001,2,NA,157000,NA,NA,70000,NA,68000,40000000,NA,0.58,NA,2015,NA,NA,0.46,NA,NA,NA
2002,2,NA,187000,NA,NA,99000,NA,94000,50000000,NA,0.53,NA,2015,NA,NA,0.46,NA,NA,NA
2003,2,NA,50000,NA,NA,148000,NA,124000,61000000,NA,0.49,NA,2015,NA,NA,0.4,NA,NA,NA
2004,2,NA,152000,NA,NA,181000,NA,188000,85000000,NA,0.45,NA,2015,NA,NA,0.49,NA,NA,NA
2005,2,NA,386000,NA,NA,177000,NA,190000,97000000,NA,0.51,NA,2015,NA,NA,0.52,NA,NA,NA
2006,2,NA,90000,NA,NA,144000,NA,155000,98000000,NA,0.63,NA,2015,NA,NA,0.58,NA,NA,NA
2007,2,NA,42000,NA,NA,163000,NA,148000,110000000,NA,0.74,NA,2015,NA,NA,0.56,NA,NA,NA
2008,2,NA,44000,NA,NA,159000,NA,162000,103000000,NA,0.64,NA,2015,NA,NA,0.48,NA,NA,NA
2009,2,NA,120000,NA,NA,143000,NA,147000,82000000,NA,0.56,NA,2015,NA,NA,0.49,NA,NA,NA
2010,2,NA,39000,NA,NA,114000,NA,115000,64000000,NA,0.56,NA,2015,NA,NA,0.47,NA,NA,NA
2011,2,NA,29000,NA,NA,98000,NA,108000,49000000,NA,0.46,NA,2015,NA,NA,0.41,NA,NA,NA
2012,2,NA,20000,NA,NA,94000,NA,116000,46000000,NA,0.4,NA,2015,NA,NA,0.35,NA,NA,NA
2013,2,NA,34000,NA,NA,97000,NA,119000,44000000,NA,0.37,NA,2015,NA,NA,0.35,NA,NA,NA
2014,2,NA,24000,NA,NA,72000,NA,99000,34000000,NA,0.34,NA,2015,NA,NA,0.31,NA,NA,NA
2015,2,NA,20000,NA,NA,78000,NA,100000,NA,NA,NA,NA,2015,NA,NA,NA,NA,NA,NA
1979,2,NA,81000,NA,NA,96000,NA,102000,55000000,NA,0.54,NA,2014,NA,NA,0.52,NA,NA,NA
1980,2,NA,37000,NA,NA,117000,NA,138000,51000000,NA,0.37,NA,2014,NA,NA,0.4,NA,NA,NA
1981,2,NA,10000,NA,NA,142000,NA,177000,64000000,NA,0.36,NA,2014,NA,NA,0.54,NA,NA,NA
1982,2,NA,43000,NA,NA,137000,NA,168000,69000000,NA,0.41,NA,2014,NA,NA,0.44,NA,NA,NA
1983,2,NA,29000,NA,NA,113000,NA,130000,66000000,NA,0.51,NA,2014,NA,NA,0.51,NA,NA,NA
1984,2,NA,21000,NA,NA,83000,NA,95000,48000000,NA,0.51,NA,2014,NA,NA,0.52,NA,NA,NA
1985,2,NA,43000,NA,NA,67000,NA,92000,51000000,NA,0.55,NA,2014,NA,NA,0.54,NA,NA,NA
1986,2,NA,87000,NA,NA,60000,NA,80000,49000000,NA,0.61,NA,2014,NA,NA,0.74,NA,NA,NA
1987,2,NA,164000,NA,NA,46000,NA,70000,41000000,NA,0.58,NA,2014,NA,NA,0.58,NA,NA,NA
1988,2,NA,49000,NA,NA,69000,NA,86000,54000000,NA,0.63,NA,2014,NA,NA,0.68,NA,NA,NA
1989,2,NA,30000,NA,NA,100000,NA,123000,63000000,NA,0.51,NA,2014,NA,NA,0.68,NA,NA,NA
1990,2,NA,27000,NA,NA,111000,NA,120000,67000000,NA,0.56,NA,2014,NA,NA,0.61,NA,NA,NA
1991,2,NA,92000,NA,NA,90000,NA,109000,55000000,NA,0.5,NA,2014,NA,NA,0.66,NA,NA,NA
1992,2,NA,175000,NA,NA,66000,NA,71000,47000000,NA,0.66,NA,2014,NA,NA,0.73,NA,NA,NA
1993,2,NA,38000,NA,NA,71000,NA,66000,48000000,NA,0.73,NA,2014,NA,NA,0.67,NA,NA,NA
1994,2,NA,47000,NA,NA,83000,NA,69000,60000000,NA,0.86,NA,2014,NA,NA,0.64,NA,NA,NA
1995,2,NA,73000,NA,NA,85000,NA,92000,61000000,NA,0.66,NA,2014,NA,NA,0.66,NA,NA,NA
1996,2,NA,36000,NA,NA,70000,NA,74000,57000000,NA,0.77,NA,2014,NA,NA,0.68,NA,NA,NA
1997,2,NA,103000,NA,NA,59000,NA,63000,44000000,NA,0.7,NA,2014,NA,NA,0.62,NA,NA,NA
1998,2,NA,18000,NA,NA,64000,NA,55000,41000000,NA,0.75,NA,2014,NA,NA,0.63,NA,NA,NA
1999,2,NA,50000,NA,NA,64000,NA,58000,45000000,NA,0.78,NA,2014,NA,NA,0.68,NA,NA,NA
2000,2,NA,117000,NA,NA,64000,NA,65000,42000000,NA,0.64,NA,2014,NA,NA,0.64,NA,NA,NA
2001,2,NA,157000,NA,NA,70000,NA,68000,40000000,NA,0.58,NA,2014,NA,NA,0.46,NA,NA,NA
2002,2,NA,187000,NA,NA,99000,NA,94000,50000000,NA,0.53,NA,2014,NA,NA,0.46,NA,NA,NA
2003,2,NA,50000,NA,NA,147000,NA,124000,61000000,NA,0.49,NA,2014,NA,NA,0.4,NA,NA,NA
2004,2,NA,152000,NA,NA,181000,NA,188000,85000000,NA,0.45,NA,2014,NA,NA,0.49,NA,NA,NA
2005,2,NA,385000,NA,NA,177000,NA,190000,97000000,NA,0.51,NA,2014,NA,NA,0.52,NA,NA,NA
2006,2,NA,89000,NA,NA,143000,NA,155000,98000000,NA,0.63,NA,2014,NA,NA,0.58,NA,NA,NA
2007,2,NA,42000,NA,NA,162000,NA,147000,110000000,NA,0.75,NA,2014,NA,NA,0.56,NA,NA,NA
2008,2,NA,44000,NA,NA,158000,NA,161000,103000000,NA,0.64,NA,2014,NA,NA,0.49,NA,NA,NA
2009,2,NA,119000,NA,NA,142000,NA,146000,82000000,NA,0.56,NA,2014,NA,NA,0.5,NA,NA,NA
2010,2,NA,35000,NA,NA,113000,NA,113000,64000000,NA,0.57,NA,2014,NA,NA,0.47,NA,NA,NA
2011,2,NA,26000,NA,NA,96000,NA,106000,49000000,NA,0.47,NA,2014,NA,NA,0.41,NA,NA,NA
2012,2,NA,18000,NA,NA,91000,NA,113000,46000000,NA,0.41,NA,2014,NA,NA,0.35,NA,NA,NA
2013,2,NA,27000,NA,NA,92000,NA,113000,44000000,NA,0.39,NA,2014,NA,NA,0.36,NA,NA,NA
2014,2,NA,27000,NA,NA,67000,NA,91000,35000000,NA,NA,NA,2014,NA,NA,NA,NA,NA,NA
1979,2,NA,81000,NA,NA,96000,NA,102000,55000000,NA,0.54,NA,2013,NA,NA,0.52,NA,NA,NA
1980,2,NA,37000,NA,NA,117000,NA,138000,51000000,NA,0.37,NA,2013,NA,NA,0.4,NA,NA,NA
1981,2,NA,10000,NA,NA,142000,NA,177000,64000000,NA,0.36,NA,2013,NA,NA,0.54,NA,NA,NA
1982,2,NA,43000,NA,NA,137000,NA,168000,69000000,NA,0.41,NA,2013,NA,NA,0.44,NA,NA,NA
1983,2,NA,29000,NA,NA,113000,NA,130000,66000000,NA,0.51,NA,2013,NA,NA,0.51,NA,NA,NA
1984,2,NA,21000,NA,NA,83000,NA,95000,48000000,NA,0.51,NA,2013,NA,NA,0.52,NA,NA,NA
1985,2,NA,43000,NA,NA,67000,NA,92000,51000000,NA,0.55,NA,2013,NA,NA,0.54,NA,NA,NA
1986,2,NA,87000,NA,NA,60000,NA,80000,49000000,NA,0.61,NA,2013,NA,NA,0.74,NA,NA,NA
1987,2,NA,164000,NA,NA,46000,NA,70000,41000000,NA,0.58,NA,2013,NA,NA,0.58,NA,NA,NA
1988,2,NA,49000,NA,NA,69000,NA,86000,54000000,NA,0.63,NA,2013,NA,NA,0.68,NA,NA,NA
1989,2,NA,30000,NA,NA,100000,NA,123000,63000000,NA,0.51,NA,2013,NA,NA,0.68,NA,NA,NA
1990,2,NA,27000,NA,NA,111000,NA,120000,67000000,NA,0.56,NA,2013,NA,NA,0.61,NA,NA,NA
1991,2,NA,92000,NA,NA,90000,NA,109000,55000000,NA,0.5,NA,2013,NA,NA,0.66,NA,NA,NA
1992,2,NA,175000,NA,NA,66000,NA,71000,47000000,NA,0.66,NA,2013,NA,NA,0.73,NA,NA,NA
1993,2,NA,38000,NA,NA,71000,NA,66000,48000000,NA,0.73,NA,2013,NA,NA,0.67,NA,NA,NA
1994,2,NA,47000,NA,NA,83000,NA,69000,60000000,NA,0.86,NA,2013,NA,NA,0.64,NA,NA,NA
1995,2,NA,73000,NA,NA,85000,NA,92000,61000000,NA,0.66,NA,2013,NA,NA,0.66,NA,NA,NA
1996,2,NA,36000,NA,NA,70000,NA,74000,57000000,NA,0.77,NA,2013,NA,NA,0.68,NA,NA,NA
1997,2,NA,103000,NA,NA,59000,NA,63000,44000000,NA,0.7,NA,2013,NA,NA,0.62,NA,NA,NA
1998,2,NA,18000,NA,NA,64000,NA,55000,41000000,NA,0.75,NA,2013,NA,NA,0.63,NA,NA,NA
1999,2,NA,50000,NA,NA,64000,NA,58000,45000000,NA,0.78,NA,2013,NA,NA,0.68,NA,NA,NA
2000,2,NA,117000,NA,NA,64000,NA,65000,42000000,NA,0.64,NA,2013,NA,NA,0.64,NA,NA,NA
2001,2,NA,156000,NA,NA,70000,NA,68000,40000000,NA,0.58,NA,2013,NA,NA,0.46,NA,NA,NA
2002,2,NA,188000,NA,NA,99000,NA,94000,50000000,NA,0.53,NA,2013,NA,NA,0.46,NA,NA,NA
2003,2,NA,50000,NA,NA,148000,NA,124000,61000000,NA,0.49,NA,2013,NA,NA,0.4,NA,NA,NA
2004,2,NA,152000,NA,NA,181000,NA,188000,85000000,NA,0.45,NA,2013,NA,NA,0.49,NA,NA,NA
2005,2,NA,388000,NA,NA,177000,NA,191000,97000000,NA,0.51,NA,2013,NA,NA,0.52,NA,NA,NA
2006,2,NA,88000,NA,NA,144000,NA,156000,98000000,NA,0.63,NA,2013,NA,NA,0.58,NA,NA,NA
2007,2,NA,43000,NA,NA,164000,NA,149000,110000000,NA,0.74,NA,2013,NA,NA,0.55,NA,NA,NA
2008,2,NA,45000,NA,NA,160000,NA,163000,103000000,NA,0.63,NA,2013,NA,NA,0.48,NA,NA,NA
2009,2,NA,118000,NA,NA,144000,NA,148000,82000000,NA,0.55,NA,2013,NA,NA,0.49,NA,NA,NA
2010,2,NA,30000,NA,NA,115000,NA,116000,64000000,NA,0.55,NA,2013,NA,NA,0.47,NA,NA,NA
2011,2,NA,24000,NA,NA,98000,NA,108000,49000000,NA,0.46,NA,2013,NA,NA,0.41,NA,NA,NA
2012,2,NA,15000,NA,NA,92000,NA,114000,46000000,NA,0.41,NA,2013,NA,NA,0.34,NA,NA,NA
2013,2,NA,22000,NA,NA,90000,NA,110000,NA,NA,NA,NA,2013,NA,NA,NA,NA,NA,NA
1979,2,NA,81000,NA,NA,96000,NA,102000,55000000,NA,0.5422,NA,2017,NA,NA,0.5208800000000001,NA,NA,NA
1980,2,NA,37000,NA,NA,117000,NA,138000,51000000,NA,0.3703,NA,2017,NA,NA,0.3978910000000001,NA,NA,NA
1981,2,NA,10000,NA,NA,142000,NA,177000,64000000,NA,0.3597,NA,2017,NA,NA,0.5422030000000001,NA,NA,NA
1982,2,NA,43000,NA,NA,137000,NA,168000,69000000,NA,0.4133,NA,2017,NA,NA,0.44414100000000006,NA,NA,NA
1983,2,NA,29000,NA,NA,113000,NA,130000,66000000,NA,0.5083,NA,2017,NA,NA,0.5081770000000001,NA,NA,NA
1984,2,NA,21000,NA,NA,83000,NA,95000,48000000,NA,0.5092,NA,2017,NA,NA,0.515023,NA,NA,NA
1985,2,NA,43000,NA,NA,67000,NA,92000,51000000,NA,0.554,NA,2017,NA,NA,0.5372290000000001,NA,NA,NA
1986,2,NA,87000,NA,NA,60000,NA,80000,49000000,NA,0.6116,NA,2017,NA,NA,0.7388890000000001,NA,NA,NA
1987,2,NA,164000,NA,NA,46000,NA,70000,41000000,NA,0.5785,NA,2017,NA,NA,0.583643,NA,NA,NA
1988,2,NA,49000,NA,NA,69000,NA,86000,54000000,NA,0.6269,NA,2017,NA,NA,0.675359,NA,NA,NA
1989,2,NA,30000,NA,NA,100000,NA,123000,63000000,NA,0.5092,NA,2017,NA,NA,0.6763710000000005,NA,NA,NA
1990,2,NA,27000,NA,NA,111000,NA,120000,67000000,NA,0.5591,NA,2017,NA,NA,0.6107670000000001,NA,NA,NA
1991,2,NA,92000,NA,NA,90000,NA,109000,55000000,NA,0.5026,NA,2017,NA,NA,0.6642920000000001,NA,NA,NA
1992,2,NA,175000,NA,NA,66000,NA,71000,47000000,NA,0.6639,NA,2017,NA,NA,0.728033,NA,NA,NA
1993,2,NA,38000,NA,NA,71000,NA,66000,48000000,NA,0.7344,NA,2017,NA,NA,0.6688310000000001,NA,NA,NA
1994,2,NA,47000,NA,NA,83000,NA,69000,60000000,NA,0.8621,NA,2017,NA,NA,0.6407740000000001,NA,NA,NA
1995,2,NA,73000,NA,NA,85000,NA,92000,61000000,NA,0.6642,NA,2017,NA,NA,0.660904,NA,NA,NA
1996,2,NA,36000,NA,NA,70000,NA,74000,57000000,NA,0.7724,NA,2017,NA,NA,0.6751140000000001,NA,NA,NA
1997,2,NA,103000,NA,NA,59000,NA,63000,44000000,NA,0.6981,NA,2017,NA,NA,0.6241080000000001,NA,NA,NA
1998,2,NA,18000,NA,NA,64000,NA,55000,41000000,NA,0.7471,NA,2017,NA,NA,0.626716,NA,NA,NA
1999,2,NA,50000,NA,NA,64000,NA,58000,45000000,NA,0.7763,NA,2017,NA,NA,0.6848600000000001,NA,NA,NA
2000,2,NA,117000,NA,NA,64000,NA,65000,42000000,NA,0.6433,NA,2017,NA,NA,0.636291,NA,NA,NA
2001,2,NA,157000,NA,NA,70000,NA,68000,40000000,NA,0.5825,NA,2017,NA,NA,0.4616920000000001,NA,NA,NA
2002,2,NA,187000,NA,NA,99000,NA,94000,50000000,NA,0.535,NA,2017,NA,NA,0.4609740000000001,NA,NA,NA
2003,2,NA,50000,NA,NA,148000,NA,124000,61000000,NA,0.4921,NA,2017,NA,NA,0.40361700000000006,NA,NA,NA
2004,2,NA,151000,NA,NA,181000,NA,188000,85000000,NA,0.451,NA,2017,NA,NA,0.4911460000000001,NA,NA,NA
2005,2,NA,380000,NA,NA,177000,NA,190000,97000000,NA,0.5104,NA,2017,NA,NA,0.5216160000000001,NA,NA,NA
2006,2,NA,90000,NA,NA,143000,NA,155000,98000000,NA,0.6282,NA,2017,NA,NA,0.577149,NA,NA,NA
2007,2,NA,43000,NA,NA,162000,NA,147000,110000000,NA,0.7463,NA,2017,NA,NA,0.5552560000000001,NA,NA,NA
2008,2,NA,44000,NA,NA,157000,NA,160000,103000000,NA,0.6435,NA,2017,NA,NA,0.4760500000000001,NA,NA,NA
2009,2,NA,120000,NA,NA,141000,NA,145000,82000000,NA,0.5666,NA,2017,NA,NA,0.505519,NA,NA,NA
2010,2,NA,44000,NA,NA,112000,NA,112000,64000000,NA,0.5737,NA,2017,NA,NA,0.4828940000000001,NA,NA,NA
2011,2,NA,34000,NA,NA,95000,NA,105000,49000000,NA,0.472,NA,2017,NA,NA,0.40795900000000007,NA,NA,NA
2012,2,NA,22000,NA,NA,92000,NA,114000,46000000,NA,0.4041,NA,2017,NA,NA,0.334525,NA,NA,NA
2013,2,NA,41000,NA,NA,98000,NA,122000,44000000,NA,0.3616,NA,2017,NA,NA,0.32660200000000006,NA,NA,NA
2014,2,NA,26000,NA,NA,76000,NA,105000,34000000,NA,0.3225,NA,2017,NA,NA,0.268533,NA,NA,NA
2015,2,NA,20000,NA,NA,87000,NA,113000,40000000,NA,0.3522,NA,2017,NA,NA,0.344764,NA,NA,NA
2016,2,NA,100000,NA,NA,77000,NA,101000,38000000,NA,0.3764,NA,2017,NA,NA,0.371789,NA,NA,NA
2017,2,NA,52000,NA,NA,76000,NA,90000,NA,NA,NA,NA,2017,NA,NA,NA,NA,NA,NA
1979,2,NA,81000,NA,NA,96000,NA,102000,55000000,NA,0.5422,NA,2018,NA,NA,0.5208800000000001,NA,NA,NA
1980,2,NA,37000,NA,NA,117000,NA,138000,51000000,NA,0.3703,NA,2018,NA,NA,0.3978910000000001,NA,NA,NA
1981,2,NA,10000,NA,NA,142000,NA,177000,64000000,NA,0.3597,NA,2018,NA,NA,0.5422030000000001,NA,NA,NA
1982,2,NA,43000,NA,NA,137000,NA,168000,69000000,NA,0.4133,NA,2018,NA,NA,0.44414100000000006,NA,NA,NA
1983,2,NA,29000,NA,NA,113000,NA,130000,66000000,NA,0.5083,NA,2018,NA,NA,0.5081770000000001,NA,NA,NA
1984,2,NA,21000,NA,NA,83000,NA,95000,48000000,NA,0.5092,NA,2018,NA,NA,0.515023,NA,NA,NA
1985,2,NA,43000,NA,NA,67000,NA,92000,51000000,NA,0.554,NA,2018,NA,NA,0.5372290000000001,NA,NA,NA
1986,2,NA,87000,NA,NA,60000,NA,80000,49000000,NA,0.6116,NA,2018,NA,NA,0.7388890000000001,NA,NA,NA
1987,2,NA,164000,NA,NA,46000,NA,70000,41000000,NA,0.5785,NA,2018,NA,NA,0.583643,NA,NA,NA
1988,2,NA,49000,NA,NA,69000,NA,86000,54000000,NA,0.6269,NA,2018,NA,NA,0.675359,NA,NA,NA
1989,2,NA,30000,NA,NA,100000,NA,123000,63000000,NA,0.5092,NA,2018,NA,NA,0.6763710000000005,NA,NA,NA
1990,2,NA,27000,NA,NA,111000,NA,120000,67000000,NA,0.5591,NA,2018,NA,NA,0.6107670000000001,NA,NA,NA
1991,2,NA,92000,NA,NA,90000,NA,109000,55000000,NA,0.5026,NA,2018,NA,NA,0.6642920000000001,NA,NA,NA
1992,2,NA,175000,NA,NA,66000,NA,71000,47000000,NA,0.6639,NA,2018,NA,NA,0.728033,NA,NA,NA
1993,2,NA,38000,NA,NA,71000,NA,66000,48000000,NA,0.7344,NA,2018,NA,NA,0.6688310000000001,NA,NA,NA
1994,2,NA,47000,NA,NA,83000,NA,69000,60000000,NA,0.8621,NA,2018,NA,NA,0.6407740000000001,NA,NA,NA
1995,2,NA,73000,NA,NA,85000,NA,92000,61000000,NA,0.6642,NA,2018,NA,NA,0.660904,NA,NA,NA
1996,2,NA,36000,NA,NA,70000,NA,74000,57000000,NA,0.7724,NA,2018,NA,NA,0.6751140000000001,NA,NA,NA
1997,2,NA,103000,NA,NA,59000,NA,63000,44000000,NA,0.6981,NA,2018,NA,NA,0.6241080000000001,NA,NA,NA
1998,2,NA,18000,NA,NA,64000,NA,55000,41000000,NA,0.7471,NA,2018,NA,NA,0.626716,NA,NA,NA
1999,2,NA,50000,NA,NA,64000,NA,58000,45000000,NA,0.7763,NA,2018,NA,NA,0.6848600000000001,NA,NA,NA
2000,2,NA,117000,NA,NA,64000,NA,65000,42000000,NA,0.6433,NA,2018,NA,NA,0.636291,NA,NA,NA
2001,2,NA,157000,NA,NA,70000,NA,68000,40000000,NA,0.5825,NA,2018,NA,NA,0.4616920000000001,NA,NA,NA
2002,2,NA,187000,NA,NA,99000,NA,94000,50000000,NA,0.535,NA,2018,NA,NA,0.4609740000000001,NA,NA,NA
2003,2,NA,50000,NA,NA,148000,NA,124000,61000000,NA,0.4921,NA,2018,NA,NA,0.40361700000000006,NA,NA,NA
2004,2,NA,151000,NA,NA,181000,NA,188000,85000000,NA,0.451,NA,2018,NA,NA,0.4911460000000001,NA,NA,NA
2005,2,NA,382000,NA,NA,177000,NA,190000,97000000,NA,0.5104,NA,2018,NA,NA,0.5216160000000001,NA,NA,NA
2006,2,NA,90000,NA,NA,143000,NA,155000,98000000,NA,0.6282,NA,2018,NA,NA,0.577149,NA,NA,NA
2007,2,NA,43000,NA,NA,162000,NA,147000,110000000,NA,0.7457,NA,2018,NA,NA,0.5550660000000001,NA,NA,NA
2008,2,NA,44000,NA,NA,157000,NA,160000,103000000,NA,0.6421,NA,2018,NA,NA,0.47561300000000006,NA,NA,NA
2009,2,NA,119000,NA,NA,141000,NA,145000,82000000,NA,0.5647,NA,2018,NA,NA,0.504483,NA,NA,NA
2010,2,NA,44000,NA,NA,112000,NA,112000,64000000,NA,0.5711,NA,2018,NA,NA,0.4805650000000001,NA,NA,NA
2011,2,NA,36000,NA,NA,96000,NA,105000,49000000,NA,0.4704,NA,2018,NA,NA,0.40958800000000006,NA,NA,NA
2012,2,NA,23000,NA,NA,93000,NA,115000,46000000,NA,0.4027,NA,2018,NA,NA,0.33545700000000006,NA,NA,NA
2013,2,NA,42000,NA,NA,99000,NA,123000,44000000,NA,0.3572,NA,2018,NA,NA,0.32504000000000005,NA,NA,NA
2014,2,NA,28000,NA,NA,77000,NA,108000,34000000,NA,0.315,NA,2018,NA,NA,0.26273,NA,NA,NA
2015,2,NA,21000,NA,NA,90000,NA,117000,40000000,NA,0.34,NA,2018,NA,NA,0.32327100000000003,NA,NA,NA
2016,2,NA,104000,NA,NA,81000,NA,107000,38000000,NA,0.3576,NA,2018,NA,NA,0.33431700000000003,NA,NA,NA
2017,2,NA,56000,NA,NA,82000,NA,97000,37000000,NA,0.381,NA,2018,NA,NA,0.36849,NA,NA,NA
2018,2,NA,59000,NA,NA,89000,NA,123000,NA,NA,NA,NA,2018,NA,NA,NA,NA,NA,NA
