year,assessment_year,age,species,catch_at_age,stock_maturity,catch_weights,stock_weights,numbers_at_age,F,ssb_weights
2024,2024,1,2,0,0.00123392,170.437,30.3677,63689.8,0,30.3677
2024,2024,2,2,152.123,0.0486193,480.528,154.453,44940.6,0.0037415,154.453
2024,2024,3,2,3885.93,0.270418,768.639,322.789,98937,0.044269,322.789
2024,2024,4,2,13254.9,0.377495,1280.52,719.041,98457,0.160335,719.041
2024,2024,5,2,16498.9,0.586865,1795.81,1222.44,72917.8,0.285639,1222.44
2024,2024,6,2,1359.45,0.763205,2613.73,2202.97,4801.58,0.371731,2202.97
2024,2024,7,2,4383.28,0.880228,2863.81,2542.61,14185.7,0.413386,2542.61
2024,2024,8,2,1103.18,0.966081,3098.65,2877.33,3341.36,0.448753,2877.33
2024,2024,9,2,557.441,1,3434.35,3381.35,1680.43,0.451421,3381.35
2024,2024,10,2,757.607,1,3539.63,3545.41,2235.16,0.463803,3545.41
2025,2024,1,2,0,4.91691e-4,170.437,30.3677,69305.4,0,30.3677
2025,2024,2,2,160.671,0.0179164,483.312,155.859,52144.8,0.00340524,155.859
2025,2024,3,2,1312.87,0.156992,944.663,446.115,36656.8,0.0402904,446.115
2025,2024,4,2,9559.85,0.347975,1279.9,718.493,77495.1,0.145925,718.493
2025,2024,5,2,14309.2,0.626217,1780.3,1205.91,68668.1,0.259967,1205.91
2025,2024,6,2,11737.9,0.78143,2215.41,1699.54,44866.6,0.338322,1699.54
2025,2024,7,2,775.187,0.892375,2823.86,2487.17,2710.72,0.376234,2487.17
2025,2024,8,2,2350.34,0.910523,2995.72,2728.77,7681.77,0.408422,2728.77
2025,2024,9,2,536.962,0.923909,3152.32,2955.93,1746.52,0.41085,2955.93
2025,2024,10,2,637.018,0.938614,3369.1,3281.08,2026.87,0.422119,3281.08
2026,2024,1,2,0,4.91691e-4,170.437,30.3677,69305.4,0,30.3677
2026,2024,2,2,174.14,0.0179164,483.312,155.859,56742.4,0.00339163,155.859
2026,2024,3,2,1517.87,0.158713,948.197,448.737,42547.4,0.0401294,448.737
2026,2024,4,2,3542.87,0.458651,1462.44,885.691,28826.9,0.145342,885.691
2026,2024,5,2,11386,0.625962,1779.74,1205.32,54832.8,0.258928,1205.32
2026,2024,6,2,11302.9,0.77809,2203.02,1684.64,43350.5,0.33697,1684.64
2026,2024,7,2,7464.69,0.851277,2537.56,2103.07,26189.9,0.37473,2103.07
2026,2024,8,2,464.6,0.907924,2968.63,2690.15,1523.45,0.40679,2690.15
2026,2024,9,2,1281.09,0.918412,3084.22,2856.33,4180.49,0.409209,2856.33
2026,2024,10,2,637.876,0.926571,3187.52,3007.88,2036.2,0.420433,3007.88
2027,2024,1,2,0,4.91691e-4,170.437,30.3677,69305.4,0,30.3677
2027,2024,2,2,173.064,0.0179164,483.312,155.859,56742.4,0.00337063,155.859
2027,2024,3,2,1641.7,0.158713,948.197,448.737,46299.5,0.0398809,448.737
2027,2024,4,2,4089.13,0.46073,1465.97,889.053,33464.6,0.144442,889.053
2027,2024,5,2,4214.75,0.692909,1939.96,1379.9,20408.8,0.257325,1379.9
2027,2024,6,2,8987.55,0.777969,2202.58,1684.11,34652.2,0.334884,1684.11
2027,2024,7,2,7185.02,0.849679,2528.38,2091.13,25339.1,0.37241,2091.13
2027,2024,8,2,4472.76,0.885841,2770.38,2413.65,14741.1,0.404271,2413.65
2027,2024,9,2,253.194,0.916873,3066.15,2830.13,830.431,0.406675,2830.13
2027,2024,10,2,1049.83,0.92317,3142.82,2941.96,3368.16,0.41783,2941.96
2028,2024,1,2,0,4.91691e-4,170.437,30.3677,69305.4,0,30.3677
2028,2024,2,2,183.936,0.0179164,483.312,155.859,56742.4,0.00358274,155.859
2028,2024,3,2,1742.94,0.158713,948.197,448.737,46300.5,0.0423906,448.737
2028,2024,4,2,4710.71,0.46073,1465.97,889.053,36424.8,0.153532,889.053
2028,2024,5,2,5166.66,0.694059,1942.99,1383.28,23713.6,0.273518,1383.28
2028,2024,6,2,3527.42,0.809547,2328.82,1838.03,12918.3,0.355958,1838.03
2028,2024,7,2,6053.11,0.849621,2528.04,2090.7,20297.1,0.395846,2090.7
2028,2024,8,2,4558.11,0.885017,2763.89,2404.78,14295.4,0.429711,2404.78
2028,2024,9,2,2580.87,0.904278,2932.15,2638.47,8055.63,0.432266,2638.47
2028,2024,10,2,742.783,0.922231,3130.91,2924.48,2268.54,0.444123,2924.48
2023,2023,1,2,0,0.00164597,169.193,30.3078,55350.1,0,30.3078
2023,2023,2,2,571.112,0.0327933,462.613,146.841,106012,0.00596103,146.841
2023,2023,3,2,6093.85,0.224504,869.403,395.09,120721,0.057249800000000003,395.09
2023,2023,4,2,16549.4,0.401073,1443.6,875.34,102834,0.194786,875.34
2023,2023,5,2,1952.75,0.69597,2123.39,1603.54,7692.82,0.326501,1603.54
2023,2023,6,2,7821.62,0.792375,2544.11,2129.3,24591.9,0.428386,2129.3
2023,2023,7,2,2112.18,0.945097,2840.86,2531.64,5941.3,0.492752,2531.64
2023,2023,8,2,1150.12,0.916308,3548.55,3588.78,3136.22,0.512821,3588.78
2023,2023,9,2,1310.11,0.947483,3586.95,3649.89,3535.21,0.519836,3649.89
2023,2023,10,2,243.685,1,3715.04,3856.42,638.971,0.53964,3856.42
2024,2023,1,2,0,4.39024e-4,169.193,30.3078,68718.1,0,30.3078
2024,2023,2,2,228.867,0.0184268,495.164,163.371,45316.8,0.0055873,163.371
2024,2023,3,2,4089.27,0.153612,947.366,452.069,86279.7,0.0536605,452.069
2024,2023,4,2,14160.2,0.429609,1423.17,855.989,93338.3,0.182574,855.989
2024,2023,5,2,16641.3,0.702731,1973.82,1429.92,69291.8,0.306031,1429.92
2024,2023,6,2,1371.05,0.849505,2531.65,2112.95,4543.9,0.401528,2112.95
2024,2023,7,2,4431.74,0.894586,2844.73,2537.05,13118.6,0.461859,2537.05
2024,2023,8,2,1036.13,0.915855,3054.55,2836.7,2971.83,0.480669,2836.7
2024,2023,9,2,541.826,0.947302,3525.8,3552.74,1537.56,0.487244,3552.74
2024,2023,10,2,735.095,0.948501,3550.36,3591.65,2026.03,0.505807,3591.65
2025,2023,1,2,0,4.39024e-4,169.193,30.3078,68718.1,0,30.3078
2025,2023,2,2,272.781,0.0184268,495.164,163.371,56261.6,0.00536332,163.371
2025,2023,3,2,1680.31,0.174629,989.842,484.27,36895.5,0.0515094,484.27
2025,2023,4,2,9783.06,0.47758,1504.23,933.701,66949.2,0.175255,933.701
2025,2023,5,2,14760.1,0.695973,1955.76,1409.45,63666.4,0.293763,1409.45
2025,2023,6,2,12187.7,0.827207,2415.13,1962.41,41774.9,0.385432,1962.41
2025,2023,7,2,814.129,0.893537,2835.73,2524.48,2489.94,0.443344,2524.48
2025,2023,8,2,2284.49,0.916091,3057.23,2840.61,6767.77,0.4614,2840.61
2025,2023,9,2,513.378,0.927634,3200.84,3052.71,1504.57,0.467712,3052.71
2025,2023,10,2,623.28,0.946573,3511.19,3529.69,1773.6,0.485531,3529.69
2026,2023,1,2,0,4.39024e-4,169.193,30.3078,68718.1,0,30.3078
2026,2023,2,2,258.723,0.0184268,495.164,163.371,56261.6,0.00508623,163.371
2026,2023,3,2,1981.33,0.174629,989.842,484.27,45816.7,0.0488482,484.27
2026,2023,4,2,3992.83,0.502298,1547.39,976.074,28690.9,0.1662,976.074
2026,2023,5,2,10184.7,0.721746,2026.9,1490.71,46001.7,0.278586,1490.71
2026,2023,6,2,10848.1,0.824224,2400.85,1944.24,38857.2,0.365519,1944.24
2026,2023,7,2,7287.62,0.882996,2750.85,2406.94,23263,0.420439,2406.94
2026,2023,8,2,423.364,0.91554,3050.99,2831.52,1308.54,0.437562,2831.52
2026,2023,9,2,1142.53,0.927767,3202.65,3055.42,3493.04,0.443548,3055.42
2026,2023,10,2,561.188,0.934406,3298.89,3200.69,1665.25,0.460446,3200.69
2027,2023,1,2,0,4.39024e-4,169.193,30.3078,68718.1,0,30.3078
2027,2023,2,2,268.207,0.0184268,495.164,163.371,56261.6,0.00527314,163.371
2027,2023,3,2,2052.94,0.174629,989.842,484.27,45829.4,0.0506434,484.27
2027,2023,4,2,5139.45,0.502298,1547.39,976.074,35723.2,0.172308,976.074
2027,2023,5,2,4544.72,0.734379,2064.23,1534,19893.3,0.288824,1534
2027,2023,6,2,8200.52,0.835597,2456.83,2015.82,28505.4,0.378952,2015.82
2027,2023,7,2,7119.64,0.881607,2740.35,2392.54,22073.4,0.43589,2392.54
2027,2023,8,2,4165.75,0.910086,2991.76,2745.77,12508.7,0.453643,2745.77
2027,2023,9,2,232.851,0.927458,3198.43,3049.11,691.669,0.459848,3049.11
2027,2023,10,2,934.751,0.934484,3300.1,3202.52,2695.63,0.477367,3202.52
2022,2022,1,2,0,0.0019603,196.493,34.8934,112062,0,34.8934
2022,2022,2,2,706.239,0.01533,496.621,154.77,142898,0.00546735,154.77
2022,2022,3,2,5684.67,0.215793,966.866,451.377,120844,0.053249,451.377
2022,2022,4,2,1337.05,0.413552,1637.1,1051.92,10003.3,0.159093,1051.92
2022,2022,5,2,7735.79,0.598822,2007.79,1460.14,35852.5,0.27049,1460.14
2022,2022,6,2,2773.61,0.7947,2495.46,2070.67,9759.55,0.373422,2070.67
2022,2022,7,2,1716.69,0.866219,2961.61,2726.5,5483.74,0.420076,2726.5
2022,2022,8,2,2035.61,0.889744,3226.47,3128.74,6329.54,0.434316,3128.74
2022,2022,9,2,125.692,0.687643,3278.84,3210.73,383.81,0.444219,3210.73
2022,2022,10,2,256.885,1,3126.37,2974.27,771.54,0.45351,2974.27
2023,2022,1,2,0,2.60239e-4,196.493,34.8934,68307.2,0,34.8934
2023,2022,2,2,575.377,0.0167757,564.361,190.065,91748.4,0.00694251,190.065
2023,2022,3,2,6902.85,0.153033,1023.48,494.588,116357,0.0676163,494.588
2023,2022,4,2,15604.7,0.496169,1569.78,983.292,93808.3,0.202018,983.292
2023,2022,5,2,1850.97,0.790018,2201.26,1692.72,6985.37,0.343472,1692.72
2023,2022,6,2,7725.49,0.863482,2509.46,2089.36,22396.9,0.474176,2089.36
2023,2022,7,2,2079.19,0.91667,2885.4,2614.66,5500.42,0.533418,2614.66
2023,2022,8,2,1143.7,0.944477,3220.75,3119.83,2949.73,0.5515,3119.83
2023,2022,9,2,1323.81,0.954862,3402.82,3408,3356.54,0.564075,3408
2023,2022,10,2,241.507,0.956596,3438.18,3465.08,602.896,0.575872,3465.08
2024,2022,1,2,0,2.60239e-4,196.493,34.8934,68307.2,0,34.8934
2024,2022,2,2,355.858,0.0167757,564.361,190.065,55925.2,0.00704454,190.065
2024,2022,3,2,4488.37,0.200117,1111.04,564.315,74597.5,0.06861,564.315
2024,2022,4,2,15007.8,0.532332,1628.19,1042.73,89036.9,0.204987,1042.73
2024,2022,5,2,16834.3,0.771737,2142.7,1620.96,62754.8,0.34852,1620.96
2024,2022,6,2,1415.44,0.888812,2662.14,2297.33,4056.6,0.481144,2297.33
2024,2022,7,2,4362.52,0.917751,2895.78,2629.79,11412.9,0.541257,2629.79
2024,2022,8,2,1035.63,0.940893,3167.29,3037.06,2641.66,0.559605,3037.06
2024,2022,9,2,554.763,0.954667,3398.95,3401.78,1391.26,0.572365,3401.78
2024,2022,10,2,745.496,0.960353,3521.09,3600.3,1840.87,0.584336,3600.3
2025,2022,1,2,0,2.60239e-4,196.493,34.8934,68307.2,0,34.8934
2025,2022,2,2,329.37,0.0167757,564.361,190.065,55925.2,0.00651853,190.065
2025,2022,3,2,2537.54,0.200117,1111.04,564.315,45466.2,0.0634869,564.315
2025,2022,4,2,8958.12,0.583813,1716.3,1134.87,57025.4,0.18968,1134.87
2025,2022,5,2,14917,0.787702,2193.55,1683.21,59386.3,0.322496,1683.21
2025,2022,6,2,11896,0.881847,2616.45,2234.32,36260,0.445217,2234.32
2025,2022,7,2,739.115,0.928409,3007.69,2794.97,2052.79,0.500841,2794.97
2025,2022,8,2,2009.39,0.941399,3174.6,3048.33,5438.44,0.51782,3048.33
2025,2022,9,2,464.631,0.952787,3362.62,3343.55,1235.9,0.529626,3343.55
2025,2022,10,2,566.373,0.960242,3518.52,3596.07,1482.87,0.540703,3596.07
2026,2022,1,2,0,2.60239e-4,196.493,34.8934,68307.2,0,34.8934
2026,2022,2,2,323.492,0.0167757,564.361,190.065,55925.2,0.00640185,190.065
2026,2022,3,2,2494.79,0.200117,1111.04,564.315,45490.2,0.0623505,564.315
2026,2022,4,2,5398.24,0.583813,1716.3,1134.87,34934.8,0.186285,1134.87
2026,2022,5,2,9552.75,0.809269,2269.04,1777.24,38621.8,0.316723,1777.24
2026,2022,6,2,11387.9,0.887927,2656.15,2289.03,35218.4,0.437248,2289.03
2026,2022,7,2,6752.4,0.925425,2974.45,2745.51,19020.1,0.491876,2745.51
2026,2022,8,2,371.104,0.946502,3252.83,3169.91,1018.53,0.508551,3169.91
2026,2022,9,2,983.605,0.95305,3367.6,3351.51,2652.95,0.520146,3351.51
2026,2022,10,2,490.778,0.959185,3494.33,3556.44,1302.81,0.531025,3556.44
2021,2021,1,2,0,0.00343406,173.714,28.4645,206454,0,28.4645
2021,2021,2,2,896.997,0.0172246,513.931,163.172,167484,0.00592606,163.172
2021,2021,3,2,557.752,0.214385,1114.3,567.162,12737,0.04947910000000001,567.162
2021,2021,4,2,6700.47,0.4226500000000001,1520.7,935.62,52400.5,0.15167000000000003,935.62
2021,2021,5,2,3738.95,0.8073480000000001,1992.24,1445.21,16942.5,0.277558,1445.21
2021,2021,6,2,2911.72,0.7821150000000001,2525.48,2117.13,10504.1,0.362417,2117.13
2021,2021,7,2,3733.49,0.8093700000000001,2865.55,2594.59,12375,0.4014660000000001,2594.59
2021,2021,8,2,236.786,1,3451.5,3500.62,775.781,0.4072120000000001,3500.62
2021,2021,9,2,186.452,1,3522.65,3617.51,597.704,0.41825200000000007,3617.51
2021,2021,10,2,306.514,1,3673.74,3870.53,959.038,0.4309690000000001,3870.53
2022,2021,1,2,0,1.10282e-4,173.714,28.4645,67773.1,0,28.4645
2022,2021,2,2,1166.68,0.0113212,533.114,173.088,169030,0.00764357,173.088
2022,2021,3,2,7646.53,0.16971100000000003,1069.36,530.793,136314,0.06381930000000001,530.793
2022,2021,4,2,1603.5,0.6150460000000001,1757.15,1180.71,9924.75,0.195627,1180.71
2022,2021,5,2,10114.5,0.7849500000000001,2145.21,1628,36864.4,0.35800100000000007,1628
2022,2021,6,2,3584.35,0.8820920000000001,2551.21,2151.96,10509.4,0.467454,2151.96
2022,2021,7,2,2211.54,0.933551,2970.62,2749.45,5985.56,0.5178200000000001,2749.45
2022,2021,8,2,2533.25,0.95158,3221.48,3132.74,6781.62,0.5252310000000001,3132.74
2022,2021,9,2,161.167,0.969897,3630.01,3796.64,422.698,0.5394720000000001,3796.64
2022,2021,10,2,324.676,0.9714400000000002,3677.85,3877.52,832.375,0.5558750000000001,3877.52
2023,2021,1,2,0,1.10282e-4,173.714,28.4645,67773.1,0,28.4645
2023,2021,2,2,439.058,0.0113212,533.114,173.088,55487.9,0.00876735,173.088
2023,2021,3,2,8797.01,0.183875,1094.8,551.273,137337,0.07320220000000001,551.273
2023,2021,4,2,19145.5,0.588844,1711.34,1131.55,104705,0.22438900000000003,1131.55
2023,2021,5,2,2053.46,0.8427410000000001,2353.7,1890.16,6681.92,0.41063499999999997,1890.16
2023,2021,6,2,8007.27,0.9010510000000002,2675.25,2322.88,21099.4,0.5361800000000001,2322.88
2023,2021,7,2,2210.03,0.935202,2990,2778.39,5391.44,0.5939510000000001,2778.39
2023,2021,8,2,1209.54,0.955803,3296.79,3251.49,2919.84,0.6024520000000001,3251.49
2023,2021,9,2,1387.32,0.96406,3472.85,3535.53,3283.74,0.6187860000000001,3535.53
2023,2021,10,2,255.916,0.973572,3749.4,3999.67,592.665,0.6376010000000001,3999.67
2024,2021,1,2,0,1.10282e-4,173.714,28.4645,67773.1,0,28.4645
2024,2021,2,2,408.934,0.0113212,533.114,173.088,55487.9,0.00816345,173.088
2024,2021,3,2,2692.35,0.183875,1094.8,551.273,45033.1,0.06816000000000001,551.273
2024,2021,4,2,17921.1,0.6038840000000001,1737.36,1159.38,104505,0.20893300000000004,1159.38
2024,2021,5,2,19851,0.8332130000000001,2314.13,1839.27,68494.6,0.3823500000000001,1839.27
2024,2021,6,2,1303.15,0.920955,2839.32,2556.47,3628.32,0.4992480000000001,2556.47
2024,2021,7,2,3926.45,0.9424400000000002,3082.5,2918.06,10105.4,0.5530400000000001,2918.06
2024,2021,8,2,957.221,0.9565280000000002,3310.58,3273.41,2437.23,0.5609550000000001,3273.41
2024,2021,9,2,524.457,0.966128,3524.73,3620.96,1308.76,0.5761640000000001,3620.96
2024,2021,10,2,698.464,0.970371,3644.4,3820.9,1704.5,0.593682,3820.9
2025,2021,1,2,0,1.10282e-4,173.714,28.4645,67773.1,0,28.4645
2025,2021,2,2,374.329,0.0113212,533.114,173.088,55487.9,0.00747012,173.088
2025,2021,3,2,2472,0.183875,1094.8,551.273,45060.3,0.06237110000000001,551.273
2025,2021,4,2,5449.44,0.6038840000000001,1737.36,1159.38,34440.7,0.191188,1159.38
2025,2021,5,2,18685.6,0.8387110000000001,2336.65,1868.17,69428.7,0.34987700000000005,1868.17
2025,2021,6,2,12813.3,0.917613,2808.59,2512.08,38260,0.456846,2512.08
2025,2021,7,2,654.485,0.950442,3202.52,3103.13,1803.13,0.50607,3103.13
2025,2021,8,2,1746.49,0.959772,3375.95,3378.08,4758.94,0.5133120000000001,3378.08
2025,2021,9,2,426.609,0.9664890000000002,3534.19,3636.61,1138.72,0.5272300000000001,3636.61
2025,2021,10,2,526.292,0.971484,3679.25,3879.89,1372.98,0.5432610000000001,3879.89
2020,2020,1,2,0,0,113.167,28,211731,0,28
2020,2020,2,2,95.3177,0.027,469.741,203,13710.6,0.00769909,203
2020,2020,3,2,3090.06,0.171,853.4,466,63701.5,0.05495460000000001,466
2020,2020,4,2,3724.29,0.663,1413.96,941,24590,0.182241,941
2020,2020,5,2,4294.82,0.742,1990.84,1515,18286.3,0.29820900000000006,1515
2020,2020,6,2,7303.54,0.697,2466.21,2041,24506.1,0.3955300000000001,2041
2020,2020,7,2,502.019,0.904,3478.47,3294,1572.89,0.43024200000000007,3294
2020,2020,8,2,387.61,0.962,3254.05,3002,1172.59,0.449433,3002
2020,2020,9,2,323.114,1,3514.06,3341,950.375,0.46559200000000006,3341
2020,2020,10,2,304.156,1,4270.16,4382,883.495,0.473008,4382
2021,2020,1,2,0,1.38602e-4,113.167,28,65320.5,0,28
2021,2020,2,2,1292.96,0.010676100000000001,398.216,161.304,173351,0.00826226,161.304
2021,2020,3,2,578.755,0.20237700000000003,991.51,574.189,11139.2,0.05897450000000001,574.189
2021,2020,4,2,7973.72,0.4882500000000001,1453.73,978.041,49365.6,0.195572,978.041
2021,2020,5,2,4186.94,0.7451880000000001,2009.22,1534.51,16778.5,0.32002300000000006,1534.51
2021,2020,6,2,3507.75,0.8620200000000001,2501.89,2082.22,11111.1,0.42446200000000006,2082.22
2021,2020,7,2,4562.64,0.909471,2869.92,2520.46,13509.5,0.46171400000000007,2520.46
2021,2020,8,2,292.781,0.9556440000000002,3577.64,3425.43,837.505,0.48230800000000007,3425.43
2021,2020,9,2,220.121,0.948932,3427.94,3227.59,612.494,0.49964900000000007,3227.59
2021,2020,10,2,341.707,0.956591,3601.06,3456.68,939.198,0.507607,3456.68
2022,2020,1,2,0,1.38602e-4,113.167,28,65320.5,0,28
2022,2020,2,2,416.03,0.010676100000000001,398.216,161.304,53479.9,0.00861881,161.304
2022,2020,3,2,7619.74,0.20237700000000003,991.51,574.189,140760,0.06151950000000001,574.189
2022,2020,4,2,1442.96,0.4882500000000001,1453.73,978.041,8597.69,0.20401100000000005,978.041
2022,2020,5,2,8597.73,0.7451880000000001,2009.22,1534.51,33237.6,0.33383300000000005,1534.51
2022,2020,6,2,3258.15,0.8620200000000001,2501.89,2082.22,9974.96,0.442779,2082.22
2022,2020,7,2,2077.96,0.909471,2869.92,2520.46,5950.54,0.481639,2520.46
2022,2020,8,2,2518.61,0.9556440000000002,3577.64,3425.43,6970.43,0.5031220000000001,3425.43
2022,2020,9,2,157.196,0.948932,3427.94,3227.59,423.316,0.5212110000000001,3227.59
2022,2020,10,2,288.347,0.956591,3601.06,3456.68,767.12,0.529513,3456.68
2023,2020,1,2,0,1.38602e-4,113.167,28,65320.5,0,28
2023,2020,2,2,422.581,0.010676100000000001,398.216,161.304,53479.9,0.00875512,161.304
2023,2020,3,2,2385.96,0.20237700000000003,991.51,574.189,43409.9,0.06249240000000001,574.189
2023,2020,4,2,18447.5,0.4882500000000001,1453.73,978.041,108368,0.20723800000000003,978.041
2023,2020,5,2,1504.69,0.7451880000000001,2009.22,1534.51,5740.13,0.33911300000000005,1534.51
2023,2020,6,2,6446.23,0.8620200000000001,2501.89,2082.22,19489,0.44978200000000007,2082.22
2023,2020,7,2,1854.32,0.909471,2869.92,2520.46,5245.12,0.4892560000000001,2520.46
2023,2020,8,2,1100.81,0.9556440000000002,3577.64,3425.43,3009.71,0.511078,3425.43
2023,2020,9,2,1296.92,0.948932,3427.94,3227.59,3450.62,0.5294540000000001,3227.59
2023,2020,10,2,218.996,0.956591,3601.06,3456.68,575.663,0.5378870000000001,3456.68
2024,2020,1,2,0,1.38602e-4,113.167,28,65320.5,0,28
2024,2020,2,2,402.381,0.010676100000000001,398.216,161.304,53479.9,0.00833491,161.304
2024,2020,3,2,2274.39,0.20237700000000003,991.51,574.189,43404,0.05949310000000001,574.189
2024,2020,4,2,5436,0.4882500000000001,1453.73,978.041,33388,0.197291,978.041
2024,2020,5,2,18131.2,0.7451880000000001,2009.22,1534.51,72117.6,0.32283700000000004,1534.51
2024,2020,6,2,1064.48,0.8620200000000001,2501.89,2082.22,3348.02,0.4281940000000001,2082.22
2024,2020,7,2,3460.89,0.909471,2869.92,2520.46,10176.4,0.4657740000000001,2520.46
2024,2020,8,2,926.736,0.9556440000000002,3577.64,3425.43,2632.79,0.48654900000000006,3425.43
2024,2020,9,2,534.843,0.948932,3427.94,3227.59,1478.11,0.504043,3227.59
2024,2020,10,2,710.277,0.956591,3601.06,3456.68,1939.03,0.512071,3456.68
2019,2019,1,2,0,0.009,115.026,29,19792.9,0,29
2019,2019,2,2,785.661,0.035,404.165,166,81246.7,0.0107247,166
2019,2019,3,2,2859.21,0.327,908.407,511,36106.6,0.09128,511
2019,2019,4,2,6525.75,0.59,1434.93,964,30268.8,0.27024200000000004,964
2019,2019,5,2,14719.6,0.669,1821.02,1342,45515.3,0.4373270000000001,1342
2019,2019,6,2,1449.11,0.89,2828.33,2473,3826.13,0.5347750000000001,2473
2019,2019,7,2,1175.77,0.938,3104.9,2815,2911.55,0.5821320000000001,2815
2019,2019,8,2,991.803,0.96,3278.61,3036,2314.48,0.6309340000000001,3036
2019,2019,9,2,300.979,1,3615.07,3477,685.522,0.6524580000000001,3477
2019,2019,10,2,662.827,0.917,3630.78,3498,1492.6,0.6628860000000001,3498
2020,2019,1,2,0,1.2764500000000012e-4,115.026,29,62407.8,0,29
2020,2019,2,2,120.212,0.0103747,405.04,166.499,16205,0.00821727,166.499
2020,2019,3,2,4033.75,0.15002600000000002,907.141,510.012,65809.6,0.06993890000000001,510.012
2020,2019,4,2,4589.69,0.5213040000000001,1525.28,1049.29,26982.7,0.20706,1049.29
2020,2019,5,2,4907.93,0.752592,2045.24,1576.76,18913.5,0.335081,1576.76
2020,2019,6,2,7382.21,0.8386040000000001,2383.11,1949.62,24064.1,0.40974600000000005,1949.62
2020,2019,7,2,602.918,0.933214,3161.05,2885.92,1835.06,0.44603100000000007,2885.92
2020,2019,8,2,466.435,0.945151,3356.06,3136.02,1331.83,0.4834230000000001,3136.02
2020,2019,9,2,362.512,0.951158,3475.36,3291.85,1008.28,0.4999140000000001,3291.85
2020,2019,10,2,335.629,0.960402,3700.17,3591.15,922.074,0.507905,3591.15
2021,2019,1,2,0,1.2764500000000012e-4,115.026,29,62407.8,0,29
2021,2019,2,2,372.879,0.0103747,405.04,166.499,51095.2,0.00808332,166.499
2021,2019,3,2,793.854,0.15002600000000002,907.141,510.012,13159,0.06879880000000001,510.012
2021,2019,4,2,8419.77,0.5213040000000001,1525.28,1049.29,50240.8,0.20368500000000003,1049.29
2021,2019,5,2,4595.91,0.752592,2045.24,1576.76,17959.8,0.32961900000000005,1576.76
2021,2019,6,2,3352.52,0.8386040000000001,2383.11,1949.62,11076.1,0.403066,1949.62
2021,2019,7,2,4240.73,0.933214,3161.05,2885.92,13078.6,0.43876,2885.92
2021,2019,8,2,332.512,0.945151,3356.06,3136.02,961.797,0.4755430000000001,3136.02
2021,2019,9,2,238.676,0.951158,3475.36,3291.85,672.421,0.49176500000000006,3291.85
2021,2019,10,2,343.209,0.960402,3700.17,3591.15,955.025,0.499625,3591.15
2022,2019,1,2,0,1.2764500000000012e-4,115.026,29,62407.8,0,29
2022,2019,2,2,351.597,0.0103747,405.04,166.499,51095.2,0.00762024,166.499
2022,2019,3,2,2364.43,0.15002600000000002,907.141,510.012,41496.4,0.06485750000000001,510.012
2022,2019,4,2,1597.62,0.5213040000000001,1525.28,1049.29,10057.4,0.192016,1049.29
2022,2019,5,2,8164.59,0.752592,2045.24,1576.76,33553.5,0.31073500000000004,1576.76
2022,2019,6,2,3049.13,0.8386040000000001,2383.11,1949.62,10575.2,0.37997500000000006,1949.62
2022,2019,7,2,1873.41,0.933214,3161.05,2885.92,6060.11,0.4136240000000001,2885.92
2022,2019,8,2,2277.83,0.945151,3356.06,3136.02,6904.79,0.4483,3136.02
2022,2019,9,2,165.836,0.951158,3475.36,3291.85,489.439,0.463593,3291.85
2022,2019,10,2,278.299,0.960402,3700.17,3591.15,811.105,0.47100300000000006,3591.15
2023,2019,1,2,0,1.2764500000000012e-4,115.026,29,62407.8,0,29
2023,2019,2,2,360.098,0.0103747,405.04,166.499,51095.2,0.0078052,166.499
2023,2019,3,2,2421.12,0.15002600000000002,907.141,510.012,41515.7,0.06643170000000001,510.012
2023,2019,4,2,5169.44,0.5213040000000001,1525.28,1049.29,31840.9,0.196677,1049.29
2023,2019,5,2,1687.9,0.752592,2045.24,1576.76,6795.7,0.31827800000000006,1576.76
2023,2019,6,2,5921.34,0.8386040000000001,2383.11,1949.62,20133.9,0.389198,1949.62
2023,2019,7,2,1866.47,0.933214,3161.05,2885.92,5921.21,0.423664,2885.92
2023,2019,8,2,1103.23,0.945151,3356.06,3136.02,3280.85,0.45918100000000006,3136.02
2023,2019,9,2,1246.86,0.951158,3475.36,3291.85,3610.75,0.4748450000000001,3291.85
2023,2019,10,2,233.115,0.960402,3700.17,3591.15,666.693,0.48243500000000006,3591.15
